#
# There is insufficient memory for the Java Runtime Environment to continue.
# Native memory allocation (malloc) failed to allocate 2118256 bytes. Error detail: Chunk::new
# Possible reasons:
#   The system is out of physical RAM or swap space
#   This process is running with CompressedOops enabled, and the Java Heap may be blocking the growth of the native heap
# Possible solutions:
#   Reduce memory load on the system
#   Increase physical memory or swap space
#   Check if swap backing store is full
#   Decrease Java heap size (-Xmx/-Xms)
#   Decrease number of Java threads
#   Decrease Java thread stack sizes (-Xss)
#   Set larger code cache with -XX:ReservedCodeCacheSize=
#   JVM is running with Unscaled Compressed Oops mode in which the Java heap is
#     placed in the first 4GB address space. The Java Heap base address is the
#     maximum limit for the native heap growth. Please use -XX:HeapBaseMinAddress
#     to set the Java Heap base and to place the Java Heap above 4GB virtual address.
# This output file may be truncated or incomplete.
#
#  Out of Memory Error (arena.cpp:168), pid=7524, tid=4848
#
# JRE version: OpenJDK Runtime Environment (21.0.8) (build 21.0.8+-14196175-b1038.72)
# Java VM: OpenJDK 64-Bit Server VM (21.0.8+-14196175-b1038.72, mixed mode, tiered, compressed oops, compressed class ptrs, g1 gc, windows-amd64)
# No core dump will be written. Minidumps are not enabled by default on client versions of Windows
#

---------------  S U M M A R Y ------------

Command Line: --add-opens=java.base/java.lang=ALL-UNNAMED --add-opens=java.base/java.lang.invoke=ALL-UNNAMED --add-opens=java.base/java.util=ALL-UNNAMED --add-opens=java.prefs/java.util.prefs=ALL-UNNAMED --add-exports=jdk.compiler/com.sun.tools.javac.api=ALL-UNNAMED --add-exports=jdk.compiler/com.sun.tools.javac.util=ALL-UNNAMED --add-opens=java.base/java.util=ALL-UNNAMED --add-opens=java.prefs/java.util.prefs=ALL-UNNAMED --add-opens=java.base/java.nio.charset=ALL-UNNAMED --add-opens=java.base/java.net=ALL-UNNAMED --add-opens=java.base/java.util.concurrent=ALL-UNNAMED --add-opens=java.base/java.util.concurrent.atomic=ALL-UNNAMED --add-opens=java.xml/javax.xml.namespace=ALL-UNNAMED --add-opens=java.base/java.time=ALL-UNNAMED -Xmx2048m -Dfile.encoding=UTF-8 -Duser.country=PE -Duser.language=es -Duser.variant -javaagent:C:\Users\Usuario\.gradle\wrapper\dists\gradle-9.4.1-bin\arn2x92ynaizyzdaamcbpbhtj\gradle-9.4.1\lib\agents\gradle-instrumentation-agent-9.4.1.jar org.gradle.launcher.daemon.bootstrap.GradleDaemon 9.4.1

Host: AMD FX-7500 Radeon R7, 10 Compute Cores 4C+6G  , 4 cores, 14G,  Windows 10 , 64 bit Build 19041 (10.0.19041.1202)
Time: Sun Aug  9 20:02:02 2026 Hora est. Pacífico, Sudamérica elapsed time: 59.154370 seconds (0d 0h 0m 59s)

---------------  T H R E A D  ---------------

Current thread (0x00000225a72c6b40):  JavaThread "C2 CompilerThread0" daemon [_thread_in_native, id=4848, stack(0x000000987f300000,0x000000987f400000) (1024K)]


Current CompileTask:
C2:59154 12922   !   4       org.jetbrains.kotlin.metadata.ProtoBuf$Function::<init> (1811 bytes)

Stack: [0x000000987f300000,0x000000987f400000]
Native frames: (J=compiled Java code, j=interpreted, Vv=VM code, C=native code)
V  [jvm.dll+0x6d68d9]
V  [jvm.dll+0x866693]
V  [jvm.dll+0x868c4e]
V  [jvm.dll+0x869333]
V  [jvm.dll+0x280566]
V  [jvm.dll+0xc07cd]
V  [jvm.dll+0xc0d03]
V  [jvm.dll+0x3b95e1]
V  [jvm.dll+0x385507]
V  [jvm.dll+0x38497a]
V  [jvm.dll+0x249252]
V  [jvm.dll+0x248821]
V  [jvm.dll+0x1c73a4]
V  [jvm.dll+0x257f9e]
V  [jvm.dll+0x2564e6]
V  [jvm.dll+0x3f4696]
V  [jvm.dll+0x80eac8]
V  [jvm.dll+0x6d512d]
C  [ucrtbase.dll+0x21bb2]
C  [KERNEL32.DLL+0x17034]
C  [ntdll.dll+0x52651]


---------------  P R O C E S S  ---------------

Threads class SMR info:
_java_thread_list=0x00000225b061c3b0, length=40, elements={
0x000002258e124b60, 0x00000225a72a5b20, 0x00000225a72a8d70, 0x00000225a72c0d00,
0x00000225a72de130, 0x00000225a72efcd0, 0x00000225a72f0ed0, 0x00000225a72f20d0,
0x00000225a72c6b40, 0x00000225a72ca1a0, 0x00000225a75d59d0, 0x00000225ac99c110,
0x00000225acfb5ac0, 0x00000225ada67c20, 0x00000225ad8d0bc0, 0x00000225ad8d1230,
0x00000225ac2f5ff0, 0x00000225ac2f97d0, 0x00000225ac6640f0, 0x00000225ac664e10,
0x00000225ac666ee0, 0x00000225ac6654a0, 0x00000225ac666850, 0x00000225ac664780,
0x00000225ae7f9b20, 0x00000225ae7f8e00, 0x00000225ae7f6d30, 0x00000225ae7f9490,
0x00000225ae7f6010, 0x00000225ae7f66a0, 0x00000225ae7f7a50, 0x00000225ae7faed0,
0x00000225ae7fa840, 0x00000225ae7f3f40, 0x00000225ae7f45d0, 0x00000225ae7f80e0,
0x00000225ae7f73c0, 0x00000225ae7f8770, 0x00000225ae7fb560, 0x00000225ae7f52f0
}

Java Threads: ( => current thread )
  0x000002258e124b60 JavaThread "main"                              [_thread_blocked, id=12468, stack(0x000000987e400000,0x000000987e500000) (1024K)]
  0x00000225a72a5b20 JavaThread "Common-Cleaner"             daemon [_thread_blocked, id=11148, stack(0x000000987ec00000,0x000000987ed00000) (1024K)]
  0x00000225a72a8d70 JavaThread "Reference Handler"          daemon [_thread_blocked, id=3372, stack(0x000000987ed00000,0x000000987ee00000) (1024K)]
  0x00000225a72c0d00 JavaThread "Finalizer"                  daemon [_thread_blocked, id=7752, stack(0x000000987ee00000,0x000000987ef00000) (1024K)]
  0x00000225a72de130 JavaThread "Signal Dispatcher"          daemon [_thread_blocked, id=18552, stack(0x000000987ef00000,0x000000987f000000) (1024K)]
  0x00000225a72efcd0 JavaThread "Attach Listener"            daemon [_thread_blocked, id=12980, stack(0x000000987f000000,0x000000987f100000) (1024K)]
  0x00000225a72f0ed0 JavaThread "Service Thread"             daemon [_thread_blocked, id=10004, stack(0x000000987f100000,0x000000987f200000) (1024K)]
  0x00000225a72f20d0 JavaThread "Monitor Deflation Thread"   daemon [_thread_blocked, id=1568, stack(0x000000987f200000,0x000000987f300000) (1024K)]
=>0x00000225a72c6b40 JavaThread "C2 CompilerThread0"         daemon [_thread_in_native, id=4848, stack(0x000000987f300000,0x000000987f400000) (1024K)]
  0x00000225a72ca1a0 JavaThread "C1 CompilerThread0"         daemon [_thread_blocked, id=19264, stack(0x000000987f400000,0x000000987f500000) (1024K)]
  0x00000225a75d59d0 JavaThread "Notification Thread"        daemon [_thread_blocked, id=10688, stack(0x000000987f500000,0x000000987f600000) (1024K)]
  0x00000225ac99c110 JavaThread "Daemon health stats"               [_thread_blocked, id=14012, stack(0x000000987fa00000,0x000000987fb00000) (1024K)]
  0x00000225acfb5ac0 JavaThread "Incoming local TCP Connector on port 64491"        [_thread_in_native, id=19000, stack(0x000000987fb00000,0x000000987fc00000) (1024K)]
  0x00000225ada67c20 JavaThread "Daemon periodic checks"            [_thread_blocked, id=1188, stack(0x000000987fc00000,0x000000987fd00000) (1024K)]
  0x00000225ad8d0bc0 JavaThread "Daemon"                            [_thread_blocked, id=14744, stack(0x000000987fd00000,0x000000987fe00000) (1024K)]
  0x00000225ad8d1230 JavaThread "Handler for socket connection from /127.0.0.1:64491 to /127.0.0.1:64492"        [_thread_in_native, id=2200, stack(0x000000987fe00000,0x000000987ff00000) (1024K)]
  0x00000225ac2f5ff0 JavaThread "Cancel handler"                    [_thread_blocked, id=4244, stack(0x000000987f900000,0x000000987fa00000) (1024K)]
  0x00000225ac2f97d0 JavaThread "Daemon worker"                     [_thread_in_vm, id=9252, stack(0x000000987ff00000,0x0000009880000000) (1024K)]
  0x00000225ac6640f0 JavaThread "Asynchronous log dispatcher for DefaultDaemonConnection: socket connection from /127.0.0.1:64491 to /127.0.0.1:64492"        [_thread_blocked, id=8640, stack(0x0000009800000000,0x0000009800100000) (1024K)]
  0x00000225ac664e10 JavaThread "Stdin handler"                     [_thread_blocked, id=10816, stack(0x0000009800100000,0x0000009800200000) (1024K)]
  0x00000225ac666ee0 JavaThread "Daemon client event forwarder"        [_thread_blocked, id=2356, stack(0x0000009800200000,0x0000009800300000) (1024K)]
  0x00000225ac6654a0 JavaThread "Cache worker for journal cache (C:\Users\Usuario\.gradle\caches\journal-1)"        [_thread_blocked, id=1280, stack(0x0000009800300000,0x0000009800400000) (1024K)]
  0x00000225ac666850 JavaThread "File lock request listener"        [_thread_in_native, id=15020, stack(0x0000009800400000,0x0000009800500000) (1024K)]
  0x00000225ac664780 JavaThread "Cache worker for file hash cache (C:\Users\Usuario\.gradle\caches\9.4.1\fileHashes)"        [_thread_blocked, id=16324, stack(0x0000009800500000,0x0000009800600000) (1024K)]
  0x00000225ae7f9b20 JavaThread "Cache worker for file hash cache (D:\IDAT\6to_ciclo\mobile_2\app-mobile-membresias\MobileGym\.gradle\9.4.1\fileHashes)"        [_thread_blocked, id=17448, stack(0x0000009800700000,0x0000009800800000) (1024K)]
  0x00000225ae7f8e00 JavaThread "Cache worker for Build Output Cleanup Cache (D:\IDAT\6to_ciclo\mobile_2\app-mobile-membresias\MobileGym\.gradle\buildOutputCleanup)"        [_thread_blocked, id=18660, stack(0x0000009800800000,0x0000009800900000) (1024K)]
  0x00000225ae7f6d30 JavaThread "File watcher server"        daemon [_thread_in_native, id=13060, stack(0x0000009800900000,0x0000009800a00000) (1024K)]
  0x00000225ae7f9490 JavaThread "File watcher consumer"      daemon [_thread_blocked, id=10676, stack(0x0000009800a00000,0x0000009800b00000) (1024K)]
  0x00000225ae7f6010 JavaThread "jar transforms"                    [_thread_blocked, id=1064, stack(0x0000009800b00000,0x0000009800c00000) (1024K)]
  0x00000225ae7f66a0 JavaThread "jar transforms Thread 2"           [_thread_blocked, id=14864, stack(0x0000009800c00000,0x0000009800d00000) (1024K)]
  0x00000225ae7f7a50 JavaThread "jar transforms Thread 3"           [_thread_blocked, id=14884, stack(0x0000009800d00000,0x0000009800e00000) (1024K)]
  0x00000225ae7faed0 JavaThread "jar transforms Thread 4"           [_thread_blocked, id=12716, stack(0x0000009800e00000,0x0000009800f00000) (1024K)]
  0x00000225ae7fa840 JavaThread "Cache worker for file content cache (C:\Users\Usuario\.gradle\caches\9.4.1\fileContent)"        [_thread_blocked, id=14680, stack(0x0000009800f00000,0x0000009801000000) (1024K)]
  0x00000225ae7f3f40 JavaThread "Cache worker for checksums cache (D:\IDAT\6to_ciclo\mobile_2\app-mobile-membresias\MobileGym\.gradle\9.4.1\checksums)"        [_thread_blocked, id=15116, stack(0x0000009801000000,0x0000009801100000) (1024K)]
  0x00000225ae7f45d0 JavaThread "Cache worker for cache directory md-supplier (C:\Users\Usuario\.gradle\caches\9.4.1\md-supplier)"        [_thread_blocked, id=15720, stack(0x0000009800600000,0x0000009800700000) (1024K)]
  0x00000225ae7f80e0 JavaThread "Cache worker for cache directory md-rule (C:\Users\Usuario\.gradle\caches\9.4.1\md-rule)"        [_thread_blocked, id=15628, stack(0x0000009801100000,0x0000009801200000) (1024K)]
  0x00000225ae7f73c0 JavaThread "Build operations"                  [_thread_blocked, id=10284, stack(0x0000009801200000,0x0000009801300000) (1024K)]
  0x00000225ae7f8770 JavaThread "Build operations Thread 2"         [_thread_blocked, id=9256, stack(0x0000009801300000,0x0000009801400000) (1024K)]
  0x00000225ae7fb560 JavaThread "Build operations Thread 3"         [_thread_blocked, id=12424, stack(0x0000009801400000,0x0000009801500000) (1024K)]
  0x00000225ae7f52f0 JavaThread "Build operations Thread 4"         [_thread_blocked, id=11500, stack(0x0000009801500000,0x0000009801600000) (1024K)]
Total: 40

Other Threads:
  0x000002258e10f130 VMThread "VM Thread"                           [id=7764, stack(0x000000987eb00000,0x000000987ec00000) (1024K)]
  0x00000225a709a270 WatcherThread "VM Periodic Task Thread"        [id=15972, stack(0x000000987ea00000,0x000000987eb00000) (1024K)]
  0x000002258e10f870 WorkerThread "GC Thread#0"                     [id=18792, stack(0x000000987e500000,0x000000987e600000) (1024K)]
  0x000002258e10f4d0 WorkerThread "GC Thread#1"                     [id=13748, stack(0x000000987f600000,0x000000987f700000) (1024K)]
  0x000002258e10df10 WorkerThread "GC Thread#2"                     [id=12100, stack(0x000000987f700000,0x000000987f800000) (1024K)]
  0x000002258e10e2b0 WorkerThread "GC Thread#3"                     [id=19200, stack(0x000000987f800000,0x000000987f900000) (1024K)]
  0x000002258e283bd0 ConcurrentGCThread "G1 Main Marker"            [id=7712, stack(0x000000987e600000,0x000000987e700000) (1024K)]
  0x000002258e10ed90 WorkerThread "G1 Conc#0"                       [id=18876, stack(0x000000987e700000,0x000000987e800000) (1024K)]
  0x000002258e2eea90 ConcurrentGCThread "G1 Refine#0"               [id=12088, stack(0x000000987e800000,0x000000987e900000) (1024K)]
  0x00000225a6f70720 ConcurrentGCThread "G1 Service"                [id=3668, stack(0x000000987e900000,0x000000987ea00000) (1024K)]
Total: 10

Threads with active compile tasks:
C2 CompilerThread0  59215 12922   !   4       org.jetbrains.kotlin.metadata.ProtoBuf$Function::<init> (1811 bytes)
Total: 1

VM state: not at safepoint (normal execution)

VM Mutex/Monitor currently owned by a thread: None

Heap address: 0x0000000080000000, size: 2048 MB, Compressed Oops mode: 32-bit

CDS archive(s) not mapped
Compressed class space mapped at: 0x0000000100000000-0x0000000140000000, reserved size: 1073741824
Narrow klass base: 0x0000000000000000, Narrow klass shift: 3, Narrow klass range: 0x140000000

GC Precious Log:
 CardTable entry size: 512
 Card Set container configuration: InlinePtr #cards 5 size 8 Array Of Cards #cards 12 size 40 Howl #buckets 4 coarsen threshold 1843 Howl Bitmap #cards 512 size 80 coarsen threshold 460 Card regions per heap region 1 cards per card region 2048
 CPUs: 4 total, 4 available
 Memory: 15290M
 Large Page Support: Disabled
 NUMA Support: Disabled
 Compressed Oops: Enabled (32-bit)
 Heap Region Size: 1M
 Heap Min Capacity: 8M
 Heap Initial Capacity: 240M
 Heap Max Capacity: 2G
 Pre-touch: Disabled
 Parallel Workers: 4
 Concurrent Workers: 1
 Concurrent Refinement Workers: 4
 Periodic GC: Disabled

Heap:
 garbage-first heap   total 276480K, used 241787K [0x0000000080000000, 0x0000000100000000)
  region size 1024K, 70 young (71680K), 5 survivors (5120K)
 Metaspace       used 142658K, committed 144704K, reserved 1179648K
  class space    used 19014K, committed 19968K, reserved 1048576K

Heap Regions: E=young(eden), S=young(survivor), O=old, HS=humongous(starts), HC=humongous(continues), CS=collection set, F=free, TAMS=top-at-mark-start, PB=parsable bottom
|   0|0x0000000080000000, 0x0000000080100000, 0x0000000080100000|100%| O|  |TAMS 0x0000000080000000| PB 0x0000000080000000| Untracked 
|   1|0x0000000080100000, 0x0000000080200000, 0x0000000080200000|100%|HS|  |TAMS 0x0000000080100000| PB 0x0000000080100000| Complete 
|   2|0x0000000080200000, 0x0000000080300000, 0x0000000080300000|100%|HC|  |TAMS 0x0000000080200000| PB 0x0000000080200000| Complete 
|   3|0x0000000080300000, 0x0000000080400000, 0x0000000080400000|100%|HC|  |TAMS 0x0000000080300000| PB 0x0000000080300000| Complete 
|   4|0x0000000080400000, 0x0000000080500000, 0x0000000080500000|100%|HC|  |TAMS 0x0000000080400000| PB 0x0000000080400000| Complete 
|   5|0x0000000080500000, 0x0000000080600000, 0x0000000080600000|100%| O|  |TAMS 0x0000000080500000| PB 0x0000000080500000| Untracked 
|   6|0x0000000080600000, 0x0000000080700000, 0x0000000080700000|100%| O|  |TAMS 0x0000000080600000| PB 0x0000000080600000| Untracked 
|   7|0x0000000080700000, 0x0000000080800000, 0x0000000080800000|100%| O|  |TAMS 0x0000000080700000| PB 0x0000000080700000| Untracked 
|   8|0x0000000080800000, 0x0000000080900000, 0x0000000080900000|100%| O|  |TAMS 0x0000000080800000| PB 0x0000000080800000| Untracked 
|   9|0x0000000080900000, 0x0000000080a00000, 0x0000000080a00000|100%|HS|  |TAMS 0x0000000080900000| PB 0x0000000080900000| Complete 
|  10|0x0000000080a00000, 0x0000000080b00000, 0x0000000080b00000|100%| O|  |TAMS 0x0000000080a00000| PB 0x0000000080a00000| Untracked 
|  11|0x0000000080b00000, 0x0000000080c00000, 0x0000000080c00000|100%| O|  |TAMS 0x0000000080b00000| PB 0x0000000080b00000| Untracked 
|  12|0x0000000080c00000, 0x0000000080d00000, 0x0000000080d00000|100%| O|  |TAMS 0x0000000080c00000| PB 0x0000000080c00000| Untracked 
|  13|0x0000000080d00000, 0x0000000080e00000, 0x0000000080e00000|100%| O|  |TAMS 0x0000000080d00000| PB 0x0000000080d00000| Untracked 
|  14|0x0000000080e00000, 0x0000000080f00000, 0x0000000080f00000|100%| O|  |TAMS 0x0000000080e00000| PB 0x0000000080e00000| Untracked 
|  15|0x0000000080f00000, 0x0000000081000000, 0x0000000081000000|100%| O|  |TAMS 0x0000000080f00000| PB 0x0000000080f00000| Untracked 
|  16|0x0000000081000000, 0x0000000081100000, 0x0000000081100000|100%| O|  |TAMS 0x0000000081000000| PB 0x0000000081000000| Untracked 
|  17|0x0000000081100000, 0x0000000081200000, 0x0000000081200000|100%| O|  |TAMS 0x0000000081100000| PB 0x0000000081100000| Untracked 
|  18|0x0000000081200000, 0x0000000081300000, 0x0000000081300000|100%| O|  |TAMS 0x0000000081200000| PB 0x0000000081200000| Untracked 
|  19|0x0000000081300000, 0x0000000081400000, 0x0000000081400000|100%| O|  |TAMS 0x0000000081300000| PB 0x0000000081300000| Untracked 
|  20|0x0000000081400000, 0x0000000081500000, 0x0000000081500000|100%| O|  |TAMS 0x0000000081400000| PB 0x0000000081400000| Untracked 
|  21|0x0000000081500000, 0x0000000081600000, 0x0000000081600000|100%| O|  |TAMS 0x0000000081500000| PB 0x0000000081500000| Untracked 
|  22|0x0000000081600000, 0x0000000081700000, 0x0000000081700000|100%|HS|  |TAMS 0x0000000081600000| PB 0x0000000081600000| Complete 
|  23|0x0000000081700000, 0x0000000081800000, 0x0000000081800000|100%|HC|  |TAMS 0x0000000081700000| PB 0x0000000081700000| Complete 
|  24|0x0000000081800000, 0x0000000081900000, 0x0000000081900000|100%|HC|  |TAMS 0x0000000081800000| PB 0x0000000081800000| Complete 
|  25|0x0000000081900000, 0x0000000081a00000, 0x0000000081a00000|100%|HC|  |TAMS 0x0000000081900000| PB 0x0000000081900000| Complete 
|  26|0x0000000081a00000, 0x0000000081b00000, 0x0000000081b00000|100%|HC|  |TAMS 0x0000000081a00000| PB 0x0000000081a00000| Complete 
|  27|0x0000000081b00000, 0x0000000081c00000, 0x0000000081c00000|100%|HC|  |TAMS 0x0000000081b00000| PB 0x0000000081b00000| Complete 
|  28|0x0000000081c00000, 0x0000000081d00000, 0x0000000081d00000|100%|HS|  |TAMS 0x0000000081c00000| PB 0x0000000081c00000| Complete 
|  29|0x0000000081d00000, 0x0000000081e00000, 0x0000000081e00000|100%|HS|  |TAMS 0x0000000081d00000| PB 0x0000000081d00000| Complete 
|  30|0x0000000081e00000, 0x0000000081f00000, 0x0000000081f00000|100%|HC|  |TAMS 0x0000000081e00000| PB 0x0000000081e00000| Complete 
|  31|0x0000000081f00000, 0x0000000082000000, 0x0000000082000000|100%|HS|  |TAMS 0x0000000081f00000| PB 0x0000000081f00000| Complete 
|  32|0x0000000082000000, 0x0000000082100000, 0x0000000082100000|100%|HC|  |TAMS 0x0000000082000000| PB 0x0000000082000000| Complete 
|  33|0x0000000082100000, 0x0000000082200000, 0x0000000082200000|100%|HC|  |TAMS 0x0000000082100000| PB 0x0000000082100000| Complete 
|  34|0x0000000082200000, 0x0000000082300000, 0x0000000082300000|100%|HC|  |TAMS 0x0000000082200000| PB 0x0000000082200000| Complete 
|  35|0x0000000082300000, 0x0000000082400000, 0x0000000082400000|100%|HS|  |TAMS 0x0000000082300000| PB 0x0000000082300000| Complete 
|  36|0x0000000082400000, 0x0000000082500000, 0x0000000082500000|100%|HS|  |TAMS 0x0000000082400000| PB 0x0000000082400000| Complete 
|  37|0x0000000082500000, 0x0000000082600000, 0x0000000082600000|100%|HC|  |TAMS 0x0000000082500000| PB 0x0000000082500000| Complete 
|  38|0x0000000082600000, 0x0000000082700000, 0x0000000082700000|100%|HC|  |TAMS 0x0000000082600000| PB 0x0000000082600000| Complete 
|  39|0x0000000082700000, 0x0000000082800000, 0x0000000082800000|100%|HC|  |TAMS 0x0000000082700000| PB 0x0000000082700000| Complete 
|  40|0x0000000082800000, 0x0000000082900000, 0x0000000082900000|100%|HC|  |TAMS 0x0000000082800000| PB 0x0000000082800000| Complete 
|  41|0x0000000082900000, 0x0000000082a00000, 0x0000000082a00000|100%|HC|  |TAMS 0x0000000082900000| PB 0x0000000082900000| Complete 
|  42|0x0000000082a00000, 0x0000000082b00000, 0x0000000082b00000|100%|HS|  |TAMS 0x0000000082a00000| PB 0x0000000082a00000| Complete 
|  43|0x0000000082b00000, 0x0000000082c00000, 0x0000000082c00000|100%|HS|  |TAMS 0x0000000082b00000| PB 0x0000000082b00000| Complete 
|  44|0x0000000082c00000, 0x0000000082d00000, 0x0000000082d00000|100%|HC|  |TAMS 0x0000000082c00000| PB 0x0000000082c00000| Complete 
|  45|0x0000000082d00000, 0x0000000082e00000, 0x0000000082e00000|100%|HS|  |TAMS 0x0000000082d00000| PB 0x0000000082d00000| Complete 
|  46|0x0000000082e00000, 0x0000000082f00000, 0x0000000082f00000|100%|HC|  |TAMS 0x0000000082e00000| PB 0x0000000082e00000| Complete 
|  47|0x0000000082f00000, 0x0000000083000000, 0x0000000083000000|100%|HC|  |TAMS 0x0000000082f00000| PB 0x0000000082f00000| Complete 
|  48|0x0000000083000000, 0x0000000083100000, 0x0000000083100000|100%|HC|  |TAMS 0x0000000083000000| PB 0x0000000083000000| Complete 
|  49|0x0000000083100000, 0x0000000083200000, 0x0000000083200000|100%|HS|  |TAMS 0x0000000083100000| PB 0x0000000083100000| Complete 
|  50|0x0000000083200000, 0x0000000083300000, 0x0000000083300000|100%| O|  |TAMS 0x0000000083200000| PB 0x0000000083200000| Untracked 
|  51|0x0000000083300000, 0x0000000083400000, 0x0000000083400000|100%| O|  |TAMS 0x0000000083300000| PB 0x0000000083300000| Untracked 
|  52|0x0000000083400000, 0x0000000083500000, 0x0000000083500000|100%| O|  |TAMS 0x0000000083400000| PB 0x0000000083400000| Untracked 
|  53|0x0000000083500000, 0x0000000083600000, 0x0000000083600000|100%| O|  |TAMS 0x0000000083500000| PB 0x0000000083500000| Untracked 
|  54|0x0000000083600000, 0x0000000083700000, 0x0000000083700000|100%| O|  |TAMS 0x0000000083600000| PB 0x0000000083600000| Untracked 
|  55|0x0000000083700000, 0x0000000083800000, 0x0000000083800000|100%| O|  |TAMS 0x0000000083700000| PB 0x0000000083700000| Untracked 
|  56|0x0000000083800000, 0x0000000083900000, 0x0000000083900000|100%| O|  |TAMS 0x0000000083800000| PB 0x0000000083800000| Untracked 
|  57|0x0000000083900000, 0x0000000083a00000, 0x0000000083a00000|100%|HS|  |TAMS 0x0000000083900000| PB 0x0000000083900000| Complete 
|  58|0x0000000083a00000, 0x0000000083b00000, 0x0000000083b00000|100%|HC|  |TAMS 0x0000000083a00000| PB 0x0000000083a00000| Complete 
|  59|0x0000000083b00000, 0x0000000083c00000, 0x0000000083c00000|100%|HS|  |TAMS 0x0000000083b00000| PB 0x0000000083b00000| Complete 
|  60|0x0000000083c00000, 0x0000000083d00000, 0x0000000083d00000|100%| O|  |TAMS 0x0000000083c00000| PB 0x0000000083c00000| Untracked 
|  61|0x0000000083d00000, 0x0000000083e00000, 0x0000000083e00000|100%| O|  |TAMS 0x0000000083d00000| PB 0x0000000083d00000| Untracked 
|  62|0x0000000083e00000, 0x0000000083f00000, 0x0000000083f00000|100%| O|  |TAMS 0x0000000083e00000| PB 0x0000000083e00000| Untracked 
|  63|0x0000000083f00000, 0x0000000084000000, 0x0000000084000000|100%| O|  |TAMS 0x0000000083f00000| PB 0x0000000083f00000| Untracked 
|  64|0x0000000084000000, 0x0000000084100000, 0x0000000084100000|100%| O|  |TAMS 0x0000000084000000| PB 0x0000000084000000| Untracked 
|  65|0x0000000084100000, 0x0000000084200000, 0x0000000084200000|100%| O|  |TAMS 0x0000000084100000| PB 0x0000000084100000| Untracked 
|  66|0x0000000084200000, 0x0000000084300000, 0x0000000084300000|100%| O|  |TAMS 0x0000000084200000| PB 0x0000000084200000| Untracked 
|  67|0x0000000084300000, 0x0000000084400000, 0x0000000084400000|100%| O|  |TAMS 0x0000000084300000| PB 0x0000000084300000| Untracked 
|  68|0x0000000084400000, 0x0000000084500000, 0x0000000084500000|100%| O|  |TAMS 0x0000000084400000| PB 0x0000000084400000| Untracked 
|  69|0x0000000084500000, 0x0000000084600000, 0x0000000084600000|100%| O|  |TAMS 0x0000000084500000| PB 0x0000000084500000| Untracked 
|  70|0x0000000084600000, 0x0000000084700000, 0x0000000084700000|100%|HS|  |TAMS 0x0000000084600000| PB 0x0000000084600000| Complete 
|  71|0x0000000084700000, 0x0000000084800000, 0x0000000084800000|100%|HC|  |TAMS 0x0000000084700000| PB 0x0000000084700000| Complete 
|  72|0x0000000084800000, 0x0000000084900000, 0x0000000084900000|100%|HC|  |TAMS 0x0000000084800000| PB 0x0000000084800000| Complete 
|  73|0x0000000084900000, 0x0000000084a00000, 0x0000000084a00000|100%|HC|  |TAMS 0x0000000084900000| PB 0x0000000084900000| Complete 
|  74|0x0000000084a00000, 0x0000000084b00000, 0x0000000084b00000|100%|HC|  |TAMS 0x0000000084a00000| PB 0x0000000084a00000| Complete 
|  75|0x0000000084b00000, 0x0000000084c00000, 0x0000000084c00000|100%|HC|  |TAMS 0x0000000084b00000| PB 0x0000000084b00000| Complete 
|  76|0x0000000084c00000, 0x0000000084d00000, 0x0000000084d00000|100%|HS|  |TAMS 0x0000000084c00000| PB 0x0000000084c00000| Complete 
|  77|0x0000000084d00000, 0x0000000084e00000, 0x0000000084e00000|100%| O|  |TAMS 0x0000000084d00000| PB 0x0000000084d00000| Untracked 
|  78|0x0000000084e00000, 0x0000000084f00000, 0x0000000084f00000|100%| O|  |TAMS 0x0000000084e00000| PB 0x0000000084e00000| Untracked 
|  79|0x0000000084f00000, 0x0000000085000000, 0x0000000085000000|100%| O|  |TAMS 0x0000000084f00000| PB 0x0000000084f00000| Untracked 
|  80|0x0000000085000000, 0x0000000085100000, 0x0000000085100000|100%| O|  |TAMS 0x0000000085000000| PB 0x0000000085000000| Untracked 
|  81|0x0000000085100000, 0x0000000085200000, 0x0000000085200000|100%| O|  |TAMS 0x0000000085100000| PB 0x0000000085100000| Untracked 
|  82|0x0000000085200000, 0x0000000085300000, 0x0000000085300000|100%| O|  |TAMS 0x0000000085200000| PB 0x0000000085200000| Untracked 
|  83|0x0000000085300000, 0x0000000085400000, 0x0000000085400000|100%| O|  |TAMS 0x0000000085300000| PB 0x0000000085300000| Untracked 
|  84|0x0000000085400000, 0x0000000085500000, 0x0000000085500000|100%| O|  |TAMS 0x0000000085400000| PB 0x0000000085400000| Untracked 
|  85|0x0000000085500000, 0x0000000085600000, 0x0000000085600000|100%| O|  |TAMS 0x0000000085500000| PB 0x0000000085500000| Untracked 
|  86|0x0000000085600000, 0x0000000085700000, 0x0000000085700000|100%| O|  |TAMS 0x0000000085600000| PB 0x0000000085600000| Untracked 
|  87|0x0000000085700000, 0x0000000085800000, 0x0000000085800000|100%| O|  |TAMS 0x0000000085700000| PB 0x0000000085700000| Untracked 
|  88|0x0000000085800000, 0x0000000085900000, 0x0000000085900000|100%| O|  |TAMS 0x0000000085800000| PB 0x0000000085800000| Untracked 
|  89|0x0000000085900000, 0x0000000085a00000, 0x0000000085a00000|100%|HS|  |TAMS 0x0000000085900000| PB 0x0000000085900000| Complete 
|  90|0x0000000085a00000, 0x0000000085b00000, 0x0000000085b00000|100%|HC|  |TAMS 0x0000000085a00000| PB 0x0000000085a00000| Complete 
|  91|0x0000000085b00000, 0x0000000085c00000, 0x0000000085c00000|100%|HC|  |TAMS 0x0000000085b00000| PB 0x0000000085b00000| Complete 
|  92|0x0000000085c00000, 0x0000000085d00000, 0x0000000085d00000|100%|HC|  |TAMS 0x0000000085c00000| PB 0x0000000085c00000| Complete 
|  93|0x0000000085d00000, 0x0000000085e00000, 0x0000000085e00000|100%|HC|  |TAMS 0x0000000085d00000| PB 0x0000000085d00000| Complete 
|  94|0x0000000085e00000, 0x0000000085f00000, 0x0000000085f00000|100%|HC|  |TAMS 0x0000000085e00000| PB 0x0000000085e00000| Complete 
|  95|0x0000000085f00000, 0x0000000086000000, 0x0000000086000000|100%| O|  |TAMS 0x0000000085f00000| PB 0x0000000085f00000| Untracked 
|  96|0x0000000086000000, 0x0000000086100000, 0x0000000086100000|100%| O|  |TAMS 0x0000000086000000| PB 0x0000000086000000| Untracked 
|  97|0x0000000086100000, 0x0000000086200000, 0x0000000086200000|100%| O|  |TAMS 0x0000000086100000| PB 0x0000000086100000| Untracked 
|  98|0x0000000086200000, 0x0000000086300000, 0x0000000086300000|100%| O|  |TAMS 0x0000000086200000| PB 0x0000000086200000| Untracked 
|  99|0x0000000086300000, 0x0000000086400000, 0x0000000086400000|100%| O|  |TAMS 0x0000000086300000| PB 0x0000000086300000| Untracked 
| 100|0x0000000086400000, 0x0000000086500000, 0x0000000086500000|100%| O|  |TAMS 0x0000000086400000| PB 0x0000000086400000| Untracked 
| 101|0x0000000086500000, 0x0000000086600000, 0x0000000086600000|100%| O|  |TAMS 0x0000000086500000| PB 0x0000000086500000| Untracked 
| 102|0x0000000086600000, 0x0000000086700000, 0x0000000086700000|100%| O|  |TAMS 0x0000000086600000| PB 0x0000000086600000| Untracked 
| 103|0x0000000086700000, 0x0000000086800000, 0x0000000086800000|100%| O|  |TAMS 0x0000000086700000| PB 0x0000000086700000| Untracked 
| 104|0x0000000086800000, 0x0000000086900000, 0x0000000086900000|100%| O|  |TAMS 0x0000000086800000| PB 0x0000000086800000| Untracked 
| 105|0x0000000086900000, 0x0000000086a00000, 0x0000000086a00000|100%| O|  |TAMS 0x0000000086900000| PB 0x0000000086900000| Untracked 
| 106|0x0000000086a00000, 0x0000000086b00000, 0x0000000086b00000|100%| O|  |TAMS 0x0000000086a00000| PB 0x0000000086a00000| Untracked 
| 107|0x0000000086b00000, 0x0000000086c00000, 0x0000000086c00000|100%| O|  |TAMS 0x0000000086b00000| PB 0x0000000086b00000| Untracked 
| 108|0x0000000086c00000, 0x0000000086d00000, 0x0000000086d00000|100%| O|  |TAMS 0x0000000086c00000| PB 0x0000000086c00000| Untracked 
| 109|0x0000000086d00000, 0x0000000086e00000, 0x0000000086e00000|100%| O|  |TAMS 0x0000000086d00000| PB 0x0000000086d00000| Untracked 
| 110|0x0000000086e00000, 0x0000000086f00000, 0x0000000086f00000|100%| O|  |TAMS 0x0000000086e00000| PB 0x0000000086e00000| Untracked 
| 111|0x0000000086f00000, 0x0000000087000000, 0x0000000087000000|100%| O|  |TAMS 0x0000000086f00000| PB 0x0000000086f00000| Untracked 
| 112|0x0000000087000000, 0x0000000087100000, 0x0000000087100000|100%|HS|  |TAMS 0x0000000087000000| PB 0x0000000087000000| Complete 
| 113|0x0000000087100000, 0x0000000087200000, 0x0000000087200000|100%| O|  |TAMS 0x0000000087100000| PB 0x0000000087100000| Untracked 
| 114|0x0000000087200000, 0x0000000087300000, 0x0000000087300000|100%| O|  |TAMS 0x0000000087200000| PB 0x0000000087200000| Untracked 
| 115|0x0000000087300000, 0x0000000087400000, 0x0000000087400000|100%| O|  |TAMS 0x0000000087300000| PB 0x0000000087300000| Untracked 
| 116|0x0000000087400000, 0x0000000087500000, 0x0000000087500000|100%| O|  |TAMS 0x0000000087400000| PB 0x0000000087400000| Untracked 
| 117|0x0000000087500000, 0x0000000087600000, 0x0000000087600000|100%| O|  |TAMS 0x0000000087500000| PB 0x0000000087500000| Untracked 
| 118|0x0000000087600000, 0x0000000087700000, 0x0000000087700000|100%| O|  |TAMS 0x0000000087600000| PB 0x0000000087600000| Untracked 
| 119|0x0000000087700000, 0x0000000087800000, 0x0000000087800000|100%| O|  |TAMS 0x0000000087700000| PB 0x0000000087700000| Untracked 
| 120|0x0000000087800000, 0x0000000087900000, 0x0000000087900000|100%| O|  |TAMS 0x0000000087800000| PB 0x0000000087800000| Untracked 
| 121|0x0000000087900000, 0x0000000087a00000, 0x0000000087a00000|100%| O|  |TAMS 0x0000000087900000| PB 0x0000000087900000| Untracked 
| 122|0x0000000087a00000, 0x0000000087b00000, 0x0000000087b00000|100%| O|  |TAMS 0x0000000087a00000| PB 0x0000000087a00000| Untracked 
| 123|0x0000000087b00000, 0x0000000087c00000, 0x0000000087c00000|100%| O|  |TAMS 0x0000000087b00000| PB 0x0000000087b00000| Untracked 
| 124|0x0000000087c00000, 0x0000000087d00000, 0x0000000087d00000|100%| O|  |TAMS 0x0000000087c00000| PB 0x0000000087c00000| Untracked 
| 125|0x0000000087d00000, 0x0000000087e00000, 0x0000000087e00000|100%| O|  |TAMS 0x0000000087d00000| PB 0x0000000087d00000| Untracked 
| 126|0x0000000087e00000, 0x0000000087f00000, 0x0000000087f00000|100%| O|  |TAMS 0x0000000087e00000| PB 0x0000000087e00000| Untracked 
| 127|0x0000000087f00000, 0x0000000088000000, 0x0000000088000000|100%| O|  |TAMS 0x0000000087f00000| PB 0x0000000087f00000| Untracked 
| 128|0x0000000088000000, 0x0000000088100000, 0x0000000088100000|100%| O|  |TAMS 0x0000000088000000| PB 0x0000000088000000| Untracked 
| 129|0x0000000088100000, 0x0000000088200000, 0x0000000088200000|100%| O|  |TAMS 0x0000000088100000| PB 0x0000000088100000| Untracked 
| 130|0x0000000088200000, 0x0000000088300000, 0x0000000088300000|100%| O|  |TAMS 0x0000000088200000| PB 0x0000000088200000| Untracked 
| 131|0x0000000088300000, 0x0000000088400000, 0x0000000088400000|100%| O|  |TAMS 0x0000000088300000| PB 0x0000000088300000| Untracked 
| 132|0x0000000088400000, 0x0000000088500000, 0x0000000088500000|100%| O|  |TAMS 0x0000000088400000| PB 0x0000000088400000| Untracked 
| 133|0x0000000088500000, 0x0000000088600000, 0x0000000088600000|100%| O|Cm|TAMS 0x0000000088500000| PB 0x0000000088500000| Complete 
| 134|0x0000000088600000, 0x0000000088700000, 0x0000000088700000|100%|HS|  |TAMS 0x0000000088600000| PB 0x0000000088600000| Complete 
| 135|0x0000000088700000, 0x0000000088800000, 0x0000000088800000|100%| O|  |TAMS 0x0000000088700000| PB 0x0000000088700000| Untracked 
| 136|0x0000000088800000, 0x0000000088900000, 0x0000000088900000|100%| O|Cm|TAMS 0x0000000088800000| PB 0x0000000088800000| Complete 
| 137|0x0000000088900000, 0x0000000088a00000, 0x0000000088a00000|100%| O|  |TAMS 0x0000000088900000| PB 0x0000000088900000| Untracked 
| 138|0x0000000088a00000, 0x0000000088b00000, 0x0000000088b00000|100%| O|  |TAMS 0x0000000088a00000| PB 0x0000000088a00000| Untracked 
| 139|0x0000000088b00000, 0x0000000088c00000, 0x0000000088c00000|100%| O|  |TAMS 0x0000000088b00000| PB 0x0000000088b00000| Untracked 
| 140|0x0000000088c00000, 0x0000000088d00000, 0x0000000088d00000|100%| O|  |TAMS 0x0000000088c00000| PB 0x0000000088c00000| Untracked 
| 141|0x0000000088d00000, 0x0000000088e00000, 0x0000000088e00000|100%| O|  |TAMS 0x0000000088d00000| PB 0x0000000088d00000| Untracked 
| 142|0x0000000088e00000, 0x0000000088f00000, 0x0000000088f00000|100%| O|  |TAMS 0x0000000088e00000| PB 0x0000000088e00000| Untracked 
| 143|0x0000000088f00000, 0x0000000089000000, 0x0000000089000000|100%| O|  |TAMS 0x0000000088f00000| PB 0x0000000088f00000| Untracked 
| 144|0x0000000089000000, 0x0000000089100000, 0x0000000089100000|100%| O|  |TAMS 0x0000000089000000| PB 0x0000000089000000| Untracked 
| 145|0x0000000089100000, 0x0000000089200000, 0x0000000089200000|100%| O|  |TAMS 0x0000000089100000| PB 0x0000000089100000| Untracked 
| 146|0x0000000089200000, 0x0000000089300000, 0x0000000089300000|100%| O|  |TAMS 0x0000000089200000| PB 0x0000000089200000| Untracked 
| 147|0x0000000089300000, 0x0000000089400000, 0x0000000089400000|100%| O|  |TAMS 0x0000000089300000| PB 0x0000000089300000| Untracked 
| 148|0x0000000089400000, 0x0000000089500000, 0x0000000089500000|100%| O|  |TAMS 0x0000000089400000| PB 0x0000000089400000| Untracked 
| 149|0x0000000089500000, 0x0000000089600000, 0x0000000089600000|100%| O|  |TAMS 0x0000000089500000| PB 0x0000000089500000| Untracked 
| 150|0x0000000089600000, 0x0000000089700000, 0x0000000089700000|100%| O|  |TAMS 0x0000000089600000| PB 0x0000000089600000| Untracked 
| 151|0x0000000089700000, 0x0000000089800000, 0x0000000089800000|100%| O|  |TAMS 0x0000000089700000| PB 0x0000000089700000| Untracked 
| 152|0x0000000089800000, 0x00000000898c6ee0, 0x0000000089900000| 77%| O|  |TAMS 0x0000000089800000| PB 0x0000000089800000| Untracked 
| 153|0x0000000089900000, 0x0000000089900000, 0x0000000089a00000|  0%| F|  |TAMS 0x0000000089900000| PB 0x0000000089900000| Untracked 
| 154|0x0000000089a00000, 0x0000000089a00000, 0x0000000089b00000|  0%| F|  |TAMS 0x0000000089a00000| PB 0x0000000089a00000| Untracked 
| 155|0x0000000089b00000, 0x0000000089b00000, 0x0000000089c00000|  0%| F|  |TAMS 0x0000000089b00000| PB 0x0000000089b00000| Untracked 
| 156|0x0000000089c00000, 0x0000000089c00000, 0x0000000089d00000|  0%| F|  |TAMS 0x0000000089c00000| PB 0x0000000089c00000| Untracked 
| 157|0x0000000089d00000, 0x0000000089d00000, 0x0000000089e00000|  0%| F|  |TAMS 0x0000000089d00000| PB 0x0000000089d00000| Untracked 
| 158|0x0000000089e00000, 0x0000000089e00000, 0x0000000089f00000|  0%| F|  |TAMS 0x0000000089e00000| PB 0x0000000089e00000| Untracked 
| 159|0x0000000089f00000, 0x0000000089f00000, 0x000000008a000000|  0%| F|  |TAMS 0x0000000089f00000| PB 0x0000000089f00000| Untracked 
| 160|0x000000008a000000, 0x000000008a000000, 0x000000008a100000|  0%| F|  |TAMS 0x000000008a000000| PB 0x000000008a000000| Untracked 
| 161|0x000000008a100000, 0x000000008a100000, 0x000000008a200000|  0%| F|  |TAMS 0x000000008a100000| PB 0x000000008a100000| Untracked 
| 162|0x000000008a200000, 0x000000008a200000, 0x000000008a300000|  0%| F|  |TAMS 0x000000008a200000| PB 0x000000008a200000| Untracked 
| 163|0x000000008a300000, 0x000000008a300000, 0x000000008a400000|  0%| F|  |TAMS 0x000000008a300000| PB 0x000000008a300000| Untracked 
| 164|0x000000008a400000, 0x000000008a400000, 0x000000008a500000|  0%| F|  |TAMS 0x000000008a400000| PB 0x000000008a400000| Untracked 
| 165|0x000000008a500000, 0x000000008a500000, 0x000000008a600000|  0%| F|  |TAMS 0x000000008a500000| PB 0x000000008a500000| Untracked 
| 166|0x000000008a600000, 0x000000008a600000, 0x000000008a700000|  0%| F|  |TAMS 0x000000008a600000| PB 0x000000008a600000| Untracked 
| 167|0x000000008a700000, 0x000000008a700000, 0x000000008a800000|  0%| F|  |TAMS 0x000000008a700000| PB 0x000000008a700000| Untracked 
| 168|0x000000008a800000, 0x000000008a800000, 0x000000008a900000|  0%| F|  |TAMS 0x000000008a800000| PB 0x000000008a800000| Untracked 
| 169|0x000000008a900000, 0x000000008a900000, 0x000000008aa00000|  0%| F|  |TAMS 0x000000008a900000| PB 0x000000008a900000| Untracked 
| 170|0x000000008aa00000, 0x000000008aa00000, 0x000000008ab00000|  0%| F|  |TAMS 0x000000008aa00000| PB 0x000000008aa00000| Untracked 
| 171|0x000000008ab00000, 0x000000008ab57fa0, 0x000000008ac00000| 34%| S|CS|TAMS 0x000000008ab00000| PB 0x000000008ab00000| Complete 
| 172|0x000000008ac00000, 0x000000008ad00000, 0x000000008ad00000|100%| S|CS|TAMS 0x000000008ac00000| PB 0x000000008ac00000| Complete 
| 173|0x000000008ad00000, 0x000000008ae00000, 0x000000008ae00000|100%| S|CS|TAMS 0x000000008ad00000| PB 0x000000008ad00000| Complete 
| 174|0x000000008ae00000, 0x000000008af00000, 0x000000008af00000|100%| S|CS|TAMS 0x000000008ae00000| PB 0x000000008ae00000| Complete 
| 175|0x000000008af00000, 0x000000008b000000, 0x000000008b000000|100%| S|CS|TAMS 0x000000008af00000| PB 0x000000008af00000| Complete 
| 176|0x000000008b000000, 0x000000008b000000, 0x000000008b100000|  0%| F|  |TAMS 0x000000008b000000| PB 0x000000008b000000| Untracked 
| 177|0x000000008b100000, 0x000000008b100000, 0x000000008b200000|  0%| F|  |TAMS 0x000000008b100000| PB 0x000000008b100000| Untracked 
| 178|0x000000008b200000, 0x000000008b200000, 0x000000008b300000|  0%| F|  |TAMS 0x000000008b200000| PB 0x000000008b200000| Untracked 
| 179|0x000000008b300000, 0x000000008b300000, 0x000000008b400000|  0%| F|  |TAMS 0x000000008b300000| PB 0x000000008b300000| Untracked 
| 180|0x000000008b400000, 0x000000008b400000, 0x000000008b500000|  0%| F|  |TAMS 0x000000008b400000| PB 0x000000008b400000| Untracked 
| 181|0x000000008b500000, 0x000000008b500000, 0x000000008b600000|  0%| F|  |TAMS 0x000000008b500000| PB 0x000000008b500000| Untracked 
| 182|0x000000008b600000, 0x000000008b600000, 0x000000008b700000|  0%| F|  |TAMS 0x000000008b600000| PB 0x000000008b600000| Untracked 
| 183|0x000000008b700000, 0x000000008b700000, 0x000000008b800000|  0%| F|  |TAMS 0x000000008b700000| PB 0x000000008b700000| Untracked 
| 184|0x000000008b800000, 0x000000008b800000, 0x000000008b900000|  0%| F|  |TAMS 0x000000008b800000| PB 0x000000008b800000| Untracked 
| 185|0x000000008b900000, 0x000000008b900000, 0x000000008ba00000|  0%| F|  |TAMS 0x000000008b900000| PB 0x000000008b900000| Untracked 
| 186|0x000000008ba00000, 0x000000008ba00000, 0x000000008bb00000|  0%| F|  |TAMS 0x000000008ba00000| PB 0x000000008ba00000| Untracked 
| 187|0x000000008bb00000, 0x000000008bb00000, 0x000000008bc00000|  0%| F|  |TAMS 0x000000008bb00000| PB 0x000000008bb00000| Untracked 
| 188|0x000000008bc00000, 0x000000008bc00000, 0x000000008bd00000|  0%| F|  |TAMS 0x000000008bc00000| PB 0x000000008bc00000| Untracked 
| 189|0x000000008bd00000, 0x000000008bd80000, 0x000000008be00000| 50%| E|  |TAMS 0x000000008bd00000| PB 0x000000008bd00000| Complete 
| 190|0x000000008be00000, 0x000000008bf00000, 0x000000008bf00000|100%| E|CS|TAMS 0x000000008be00000| PB 0x000000008be00000| Complete 
| 191|0x000000008bf00000, 0x000000008c000000, 0x000000008c000000|100%| E|CS|TAMS 0x000000008bf00000| PB 0x000000008bf00000| Complete 
| 192|0x000000008c000000, 0x000000008c100000, 0x000000008c100000|100%| E|CS|TAMS 0x000000008c000000| PB 0x000000008c000000| Complete 
| 193|0x000000008c100000, 0x000000008c200000, 0x000000008c200000|100%| E|CS|TAMS 0x000000008c100000| PB 0x000000008c100000| Complete 
| 194|0x000000008c200000, 0x000000008c300000, 0x000000008c300000|100%| E|CS|TAMS 0x000000008c200000| PB 0x000000008c200000| Complete 
| 195|0x000000008c300000, 0x000000008c400000, 0x000000008c400000|100%| E|CS|TAMS 0x000000008c300000| PB 0x000000008c300000| Complete 
| 196|0x000000008c400000, 0x000000008c500000, 0x000000008c500000|100%| E|CS|TAMS 0x000000008c400000| PB 0x000000008c400000| Complete 
| 197|0x000000008c500000, 0x000000008c600000, 0x000000008c600000|100%| E|CS|TAMS 0x000000008c500000| PB 0x000000008c500000| Complete 
| 198|0x000000008c600000, 0x000000008c700000, 0x000000008c700000|100%| E|CS|TAMS 0x000000008c600000| PB 0x000000008c600000| Complete 
| 199|0x000000008c700000, 0x000000008c800000, 0x000000008c800000|100%| E|CS|TAMS 0x000000008c700000| PB 0x000000008c700000| Complete 
| 200|0x000000008c800000, 0x000000008c900000, 0x000000008c900000|100%| E|CS|TAMS 0x000000008c800000| PB 0x000000008c800000| Complete 
| 201|0x000000008c900000, 0x000000008ca00000, 0x000000008ca00000|100%| E|CS|TAMS 0x000000008c900000| PB 0x000000008c900000| Complete 
| 202|0x000000008ca00000, 0x000000008cb00000, 0x000000008cb00000|100%| E|CS|TAMS 0x000000008ca00000| PB 0x000000008ca00000| Complete 
| 203|0x000000008cb00000, 0x000000008cc00000, 0x000000008cc00000|100%| E|CS|TAMS 0x000000008cb00000| PB 0x000000008cb00000| Complete 
| 204|0x000000008cc00000, 0x000000008cd00000, 0x000000008cd00000|100%| E|CS|TAMS 0x000000008cc00000| PB 0x000000008cc00000| Complete 
| 205|0x000000008cd00000, 0x000000008ce00000, 0x000000008ce00000|100%| E|CS|TAMS 0x000000008cd00000| PB 0x000000008cd00000| Complete 
| 206|0x000000008ce00000, 0x000000008cf00000, 0x000000008cf00000|100%| E|CS|TAMS 0x000000008ce00000| PB 0x000000008ce00000| Complete 
| 207|0x000000008cf00000, 0x000000008d000000, 0x000000008d000000|100%| E|CS|TAMS 0x000000008cf00000| PB 0x000000008cf00000| Complete 
| 208|0x000000008d000000, 0x000000008d100000, 0x000000008d100000|100%| E|CS|TAMS 0x000000008d000000| PB 0x000000008d000000| Complete 
| 209|0x000000008d100000, 0x000000008d200000, 0x000000008d200000|100%| E|CS|TAMS 0x000000008d100000| PB 0x000000008d100000| Complete 
| 210|0x000000008d200000, 0x000000008d300000, 0x000000008d300000|100%| E|CS|TAMS 0x000000008d200000| PB 0x000000008d200000| Complete 
| 211|0x000000008d300000, 0x000000008d400000, 0x000000008d400000|100%| E|CS|TAMS 0x000000008d300000| PB 0x000000008d300000| Complete 
| 212|0x000000008d400000, 0x000000008d500000, 0x000000008d500000|100%| E|CS|TAMS 0x000000008d400000| PB 0x000000008d400000| Complete 
| 213|0x000000008d500000, 0x000000008d600000, 0x000000008d600000|100%| E|CS|TAMS 0x000000008d500000| PB 0x000000008d500000| Complete 
| 214|0x000000008d600000, 0x000000008d700000, 0x000000008d700000|100%| E|CS|TAMS 0x000000008d600000| PB 0x000000008d600000| Complete 
| 215|0x000000008d700000, 0x000000008d800000, 0x000000008d800000|100%| E|CS|TAMS 0x000000008d700000| PB 0x000000008d700000| Complete 
| 216|0x000000008d800000, 0x000000008d900000, 0x000000008d900000|100%| E|CS|TAMS 0x000000008d800000| PB 0x000000008d800000| Complete 
| 217|0x000000008d900000, 0x000000008da00000, 0x000000008da00000|100%| E|CS|TAMS 0x000000008d900000| PB 0x000000008d900000| Complete 
| 218|0x000000008da00000, 0x000000008db00000, 0x000000008db00000|100%| E|CS|TAMS 0x000000008da00000| PB 0x000000008da00000| Complete 
| 219|0x000000008db00000, 0x000000008dc00000, 0x000000008dc00000|100%| E|CS|TAMS 0x000000008db00000| PB 0x000000008db00000| Complete 
| 220|0x000000008dc00000, 0x000000008dd00000, 0x000000008dd00000|100%| E|CS|TAMS 0x000000008dc00000| PB 0x000000008dc00000| Complete 
| 221|0x000000008dd00000, 0x000000008de00000, 0x000000008de00000|100%| E|CS|TAMS 0x000000008dd00000| PB 0x000000008dd00000| Complete 
| 222|0x000000008de00000, 0x000000008df00000, 0x000000008df00000|100%| E|CS|TAMS 0x000000008de00000| PB 0x000000008de00000| Complete 
| 223|0x000000008df00000, 0x000000008e000000, 0x000000008e000000|100%| E|CS|TAMS 0x000000008df00000| PB 0x000000008df00000| Complete 
| 224|0x000000008e000000, 0x000000008e100000, 0x000000008e100000|100%| E|CS|TAMS 0x000000008e000000| PB 0x000000008e000000| Complete 
| 225|0x000000008e100000, 0x000000008e200000, 0x000000008e200000|100%| E|CS|TAMS 0x000000008e100000| PB 0x000000008e100000| Complete 
| 226|0x000000008e200000, 0x000000008e300000, 0x000000008e300000|100%| E|CS|TAMS 0x000000008e200000| PB 0x000000008e200000| Complete 
| 227|0x000000008e300000, 0x000000008e400000, 0x000000008e400000|100%| E|CS|TAMS 0x000000008e300000| PB 0x000000008e300000| Complete 
| 228|0x000000008e400000, 0x000000008e500000, 0x000000008e500000|100%| E|CS|TAMS 0x000000008e400000| PB 0x000000008e400000| Complete 
| 229|0x000000008e500000, 0x000000008e600000, 0x000000008e600000|100%| E|CS|TAMS 0x000000008e500000| PB 0x000000008e500000| Complete 
| 230|0x000000008e600000, 0x000000008e700000, 0x000000008e700000|100%| E|CS|TAMS 0x000000008e600000| PB 0x000000008e600000| Complete 
| 231|0x000000008e700000, 0x000000008e800000, 0x000000008e800000|100%| E|CS|TAMS 0x000000008e700000| PB 0x000000008e700000| Complete 
| 232|0x000000008e800000, 0x000000008e900000, 0x000000008e900000|100%| E|CS|TAMS 0x000000008e800000| PB 0x000000008e800000| Complete 
| 233|0x000000008e900000, 0x000000008ea00000, 0x000000008ea00000|100%| E|CS|TAMS 0x000000008e900000| PB 0x000000008e900000| Complete 
| 234|0x000000008ea00000, 0x000000008eb00000, 0x000000008eb00000|100%| E|CS|TAMS 0x000000008ea00000| PB 0x000000008ea00000| Complete 
| 235|0x000000008eb00000, 0x000000008ec00000, 0x000000008ec00000|100%| E|CS|TAMS 0x000000008eb00000| PB 0x000000008eb00000| Complete 
| 236|0x000000008ec00000, 0x000000008ed00000, 0x000000008ed00000|100%| E|CS|TAMS 0x000000008ec00000| PB 0x000000008ec00000| Complete 
| 237|0x000000008ed00000, 0x000000008ee00000, 0x000000008ee00000|100%| E|CS|TAMS 0x000000008ed00000| PB 0x000000008ed00000| Complete 
| 238|0x000000008ee00000, 0x000000008ef00000, 0x000000008ef00000|100%| E|CS|TAMS 0x000000008ee00000| PB 0x000000008ee00000| Complete 
| 239|0x000000008ef00000, 0x000000008f000000, 0x000000008f000000|100%| E|CS|TAMS 0x000000008ef00000| PB 0x000000008ef00000| Complete 
| 240|0x000000008f000000, 0x000000008f100000, 0x000000008f100000|100%| E|CS|TAMS 0x000000008f000000| PB 0x000000008f000000| Complete 
| 241|0x000000008f100000, 0x000000008f200000, 0x000000008f200000|100%| E|CS|TAMS 0x000000008f100000| PB 0x000000008f100000| Complete 
| 242|0x000000008f200000, 0x000000008f300000, 0x000000008f300000|100%| E|CS|TAMS 0x000000008f200000| PB 0x000000008f200000| Complete 
| 243|0x000000008f300000, 0x000000008f400000, 0x000000008f400000|100%| E|CS|TAMS 0x000000008f300000| PB 0x000000008f300000| Complete 
| 244|0x000000008f400000, 0x000000008f500000, 0x000000008f500000|100%| E|CS|TAMS 0x000000008f400000| PB 0x000000008f400000| Complete 
| 245|0x000000008f500000, 0x000000008f600000, 0x000000008f600000|100%| E|CS|TAMS 0x000000008f500000| PB 0x000000008f500000| Complete 
| 246|0x000000008f600000, 0x000000008f700000, 0x000000008f700000|100%| E|CS|TAMS 0x000000008f600000| PB 0x000000008f600000| Complete 
| 247|0x000000008f700000, 0x000000008f800000, 0x000000008f800000|100%| E|CS|TAMS 0x000000008f700000| PB 0x000000008f700000| Complete 
| 248|0x000000008f800000, 0x000000008f900000, 0x000000008f900000|100%| E|CS|TAMS 0x000000008f800000| PB 0x000000008f800000| Complete 
| 249|0x000000008f900000, 0x000000008fa00000, 0x000000008fa00000|100%| E|CS|TAMS 0x000000008f900000| PB 0x000000008f900000| Complete 
| 250|0x000000008fa00000, 0x000000008fb00000, 0x000000008fb00000|100%| E|CS|TAMS 0x000000008fa00000| PB 0x000000008fa00000| Complete 
| 251|0x000000008fb00000, 0x000000008fc00000, 0x000000008fc00000|100%| E|CS|TAMS 0x000000008fb00000| PB 0x000000008fb00000| Complete 
|2030|0x00000000fee00000, 0x00000000fef00000, 0x00000000fef00000|100%| O|  |TAMS 0x00000000fee00000| PB 0x00000000fee00000| Untracked 
|2031|0x00000000fef00000, 0x00000000ff000000, 0x00000000ff000000|100%| O|  |TAMS 0x00000000fef00000| PB 0x00000000fef00000| Untracked 
|2032|0x00000000ff000000, 0x00000000ff100000, 0x00000000ff100000|100%| O|  |TAMS 0x00000000ff000000| PB 0x00000000ff000000| Untracked 
|2033|0x00000000ff100000, 0x00000000ff200000, 0x00000000ff200000|100%| O|  |TAMS 0x00000000ff100000| PB 0x00000000ff100000| Untracked 
|2034|0x00000000ff200000, 0x00000000ff300000, 0x00000000ff300000|100%| O|  |TAMS 0x00000000ff200000| PB 0x00000000ff200000| Untracked 
|2035|0x00000000ff300000, 0x00000000ff400000, 0x00000000ff400000|100%| O|  |TAMS 0x00000000ff300000| PB 0x00000000ff300000| Untracked 
|2036|0x00000000ff400000, 0x00000000ff500000, 0x00000000ff500000|100%| O|  |TAMS 0x00000000ff400000| PB 0x00000000ff400000| Untracked 
|2037|0x00000000ff500000, 0x00000000ff600000, 0x00000000ff600000|100%| O|  |TAMS 0x00000000ff500000| PB 0x00000000ff500000| Untracked 
|2038|0x00000000ff600000, 0x00000000ff700000, 0x00000000ff700000|100%| O|  |TAMS 0x00000000ff600000| PB 0x00000000ff600000| Untracked 
|2039|0x00000000ff700000, 0x00000000ff800000, 0x00000000ff800000|100%| E|CS|TAMS 0x00000000ff700000| PB 0x00000000ff700000| Complete 
|2040|0x00000000ff800000, 0x00000000ff900000, 0x00000000ff900000|100%| O|  |TAMS 0x00000000ff800000| PB 0x00000000ff800000| Untracked 
|2041|0x00000000ff900000, 0x00000000ffa00000, 0x00000000ffa00000|100%| O|  |TAMS 0x00000000ff900000| PB 0x00000000ff900000| Untracked 
|2042|0x00000000ffa00000, 0x00000000ffb00000, 0x00000000ffb00000|100%| O|  |TAMS 0x00000000ffa00000| PB 0x00000000ffa00000| Untracked 
|2043|0x00000000ffb00000, 0x00000000ffc00000, 0x00000000ffc00000|100%| O|  |TAMS 0x00000000ffb00000| PB 0x00000000ffb00000| Untracked 
|2044|0x00000000ffc00000, 0x00000000ffd00000, 0x00000000ffd00000|100%| E|CS|TAMS 0x00000000ffc00000| PB 0x00000000ffc00000| Complete 
|2045|0x00000000ffd00000, 0x00000000ffe00000, 0x00000000ffe00000|100%| E|CS|TAMS 0x00000000ffd00000| PB 0x00000000ffd00000| Complete 
|2046|0x00000000ffe00000, 0x00000000fff00000, 0x00000000fff00000|100%| O|  |TAMS 0x00000000ffe00000| PB 0x00000000ffe00000| Untracked 
|2047|0x00000000fff00000, 0x0000000100000000, 0x0000000100000000|100%| O|  |TAMS 0x00000000fff00000| PB 0x00000000fff00000| Untracked 

Card table byte_map: [0x00000225a2690000,0x00000225a2a90000] _byte_map_base: 0x00000225a2290000

Marking Bits: (CMBitMap*) 0x000002258e2732f0
 Bits: [0x00000225a2a90000, 0x00000225a4a90000)

Polling page: 0x000002258e060000

Metaspace:

Usage:
  Non-class:    120.81 MB used.
      Class:     18.58 MB used.
       Both:    139.39 MB used.

Virtual space:
  Non-class space:      128.00 MB reserved,     121.88 MB ( 95%) committed,  2 nodes.
      Class space:        1.00 GB reserved,      19.56 MB (  2%) committed,  1 nodes.
             Both:        1.12 GB reserved,     141.44 MB ( 12%) committed. 

Chunk freelists:
   Non-Class:  5.61 MB
       Class:  12.30 MB
        Both:  17.91 MB

MaxMetaspaceSize: unlimited
CompressedClassSpaceSize: 1.00 GB
Initial GC threshold: 21.00 MB
Current GC threshold: 203.56 MB
CDS: off
 - commit_granule_bytes: 65536.
 - commit_granule_words: 8192.
 - virtual_space_node_default_size: 8388608.
 - enlarge_chunks_in_place: 1.
 - use_allocation_guard: 0.


Internal statistics:

num_allocs_failed_limit: 6.
num_arena_births: 3852.
num_arena_deaths: 4.
num_vsnodes_births: 3.
num_vsnodes_deaths: 0.
num_space_committed: 2263.
num_space_uncommitted: 0.
num_chunks_returned_to_freelist: 15.
num_chunks_taken_from_freelist: 9228.
num_chunk_merges: 3.
num_chunk_splits: 6515.
num_chunks_enlarged: 4655.
num_inconsistent_stats: 0.

CodeHeap 'non-profiled nmethods': size=120000Kb used=6374Kb max_used=6374Kb free=113625Kb
 bounds [0x000002259a730000, 0x000002259ad70000, 0x00000225a1c60000]
CodeHeap 'profiled nmethods': size=120000Kb used=21299Kb max_used=21299Kb free=98700Kb
 bounds [0x0000022592c60000, 0x0000022594130000, 0x000002259a190000]
CodeHeap 'non-nmethods': size=5760Kb used=2421Kb max_used=2455Kb free=3338Kb
 bounds [0x000002259a190000, 0x000002259a400000, 0x000002259a730000]
CodeCache: size=245760Kb, used=30094Kb, max_used=30128Kb, free=215663Kb
 total_blobs=12164, nmethods=11075, adapters=993, full_count=0
Compilation: enabled, stopped_count=0, restarted_count=0

Compilation events (20 events):
Event: 59.096 Thread 0x00000225a72ca1a0 nmethod 13203 0x00000225940fbc10 code [0x00000225940fbfa0, 0x00000225940fd410]
Event: 59.096 Thread 0x00000225a72ca1a0 13204       3       org.jetbrains.kotlin.fir.builder.FirBuilderDslKt::toMutableOrEmptyForImmutable (46 bytes)
Event: 59.097 Thread 0x00000225a72ca1a0 nmethod 13204 0x00000225940fda90 code [0x00000225940fdd20, 0x00000225940fe860]
Event: 59.098 Thread 0x00000225a72ca1a0 13205       3       org.jetbrains.kotlin.fir.declarations.impl.FirRegularClassImpl::getAnnotations (8 bytes)
Event: 59.098 Thread 0x00000225a72ca1a0 nmethod 13205 0x00000225940fec10 code [0x00000225940fedc0, 0x00000225940ff0a8]
Event: 59.098 Thread 0x00000225a72ca1a0 13206       3       org.jetbrains.kotlin.fir.declarations.impl.FirSimpleFunctionImpl::<init> (40 bytes)
Event: 59.099 Thread 0x00000225a72ca1a0 nmethod 13206 0x00000225940ff210 code [0x00000225940ff3c0, 0x00000225940ff5c8]
Event: 59.099 Thread 0x00000225a72ca1a0 13207       3       org.jetbrains.kotlin.fir.declarations.impl.FirSimpleFunctionImpl::<init> (287 bytes)
Event: 59.112 Thread 0x00000225a72ca1a0 nmethod 13207 0x00000225940ff710 code [0x0000022594100240, 0x0000022594106568]
Event: 59.112 Thread 0x00000225a72ca1a0 13208       3       org.jetbrains.kotlin.fir.declarations.builder.FirValueParameterBuilder::<init> (54 bytes)
Event: 59.114 Thread 0x00000225a72ca1a0 nmethod 13208 0x0000022594108b90 code [0x0000022594108dc0, 0x00000225941096d0]
Event: 59.114 Thread 0x00000225a72ca1a0 13211       3       org.jetbrains.kotlin.fir.declarations.builder.FirValueParameterBuilder::build (79 bytes)
Event: 59.120 Thread 0x00000225a72ca1a0 nmethod 13211 0x0000022594109990 code [0x000002259410a160, 0x000002259410dbb8]
Event: 59.120 Thread 0x00000225a72ca1a0 13209       3       org.jetbrains.kotlin.fir.deserialization.FirMemberDeserializer::defaultValue (42 bytes)
Event: 59.121 Thread 0x00000225a72ca1a0 nmethod 13209 0x000002259410f290 code [0x000002259410f4c0, 0x000002259410fc20]
Event: 59.121 Thread 0x00000225a72ca1a0 13210       3       org.jetbrains.kotlin.metadata.deserialization.ProtoTypeTableUtilKt::varargElementType (47 bytes)
Event: 59.123 Thread 0x00000225a72ca1a0 nmethod 13210 0x000002259410ff10 code [0x0000022594110200, 0x0000022594111048]
Event: 59.123 Thread 0x00000225a72ca1a0 13233       3       sun.invoke.util.VerifyType::isNullConversion (157 bytes)
Event: 59.125 Thread 0x00000225a72ca1a0 nmethod 13233 0x0000022594111510 code [0x0000022594111840, 0x0000022594112c70]
Event: 59.125 Thread 0x00000225a72ca1a0 13217       3       org.jetbrains.kotlin.fir.deserialization.FirMemberDeserializer::loadFunction (1408 bytes)

GC Heap History (20 events):
Event: 42.634 GC heap before
{Heap before GC invocations=32 (full 0):
 garbage-first heap   total 184320K, used 166728K [0x0000000080000000, 0x0000000100000000)
  region size 1024K, 59 young (60416K), 7 survivors (7168K)
 Metaspace       used 88751K, committed 90688K, reserved 1179648K
  class space    used 12501K, committed 13440K, reserved 1048576K
}
Event: 42.657 GC heap after
{Heap after GC invocations=33 (full 0):
 garbage-first heap   total 184320K, used 115577K [0x0000000080000000, 0x0000000100000000)
  region size 1024K, 6 young (6144K), 6 survivors (6144K)
 Metaspace       used 88751K, committed 90688K, reserved 1179648K
  class space    used 12501K, committed 13440K, reserved 1048576K
}
Event: 45.103 GC heap before
{Heap before GC invocations=33 (full 0):
 garbage-first heap   total 184320K, used 168825K [0x0000000080000000, 0x0000000100000000)
  region size 1024K, 58 young (59392K), 6 survivors (6144K)
 Metaspace       used 96325K, committed 98304K, reserved 1179648K
  class space    used 13905K, committed 14848K, reserved 1048576K
}
Event: 45.121 GC heap after
{Heap after GC invocations=34 (full 0):
 garbage-first heap   total 184320K, used 117670K [0x0000000080000000, 0x0000000100000000)
  region size 1024K, 4 young (4096K), 4 survivors (4096K)
 Metaspace       used 96325K, committed 98304K, reserved 1179648K
  class space    used 13905K, committed 14848K, reserved 1048576K
}
Event: 46.953 GC heap before
{Heap before GC invocations=35 (full 0):
 garbage-first heap   total 196608K, used 168870K [0x0000000080000000, 0x0000000100000000)
  region size 1024K, 54 young (55296K), 4 survivors (4096K)
 Metaspace       used 103481K, committed 105536K, reserved 1179648K
  class space    used 14826K, committed 15808K, reserved 1048576K
}
Event: 46.965 GC heap after
{Heap after GC invocations=36 (full 0):
 garbage-first heap   total 196608K, used 119013K [0x0000000080000000, 0x0000000100000000)
  region size 1024K, 6 young (6144K), 6 survivors (6144K)
 Metaspace       used 103481K, committed 105536K, reserved 1179648K
  class space    used 14826K, committed 15808K, reserved 1048576K
}
Event: 47.844 GC heap before
{Heap before GC invocations=36 (full 0):
 garbage-first heap   total 196608K, used 178405K [0x0000000080000000, 0x0000000100000000)
  region size 1024K, 64 young (65536K), 6 survivors (6144K)
 Metaspace       used 105061K, committed 107072K, reserved 1179648K
  class space    used 15016K, committed 16000K, reserved 1048576K
}
Event: 47.892 GC heap after
{Heap after GC invocations=37 (full 0):
 garbage-first heap   total 204800K, used 136886K [0x0000000080000000, 0x0000000100000000)
  region size 1024K, 8 young (8192K), 8 survivors (8192K)
 Metaspace       used 105061K, committed 107072K, reserved 1179648K
  class space    used 15016K, committed 16000K, reserved 1048576K
}
Event: 48.155 GC heap before
{Heap before GC invocations=37 (full 0):
 garbage-first heap   total 204800K, used 169654K [0x0000000080000000, 0x0000000100000000)
  region size 1024K, 41 young (41984K), 8 survivors (8192K)
 Metaspace       used 105064K, committed 107072K, reserved 1179648K
  class space    used 15016K, committed 16000K, reserved 1048576K
}
Event: 48.208 GC heap after
{Heap after GC invocations=38 (full 0):
 garbage-first heap   total 204800K, used 152576K [0x0000000080000000, 0x0000000100000000)
  region size 1024K, 7 young (7168K), 7 survivors (7168K)
 Metaspace       used 105064K, committed 107072K, reserved 1179648K
  class space    used 15016K, committed 16000K, reserved 1048576K
}
Event: 49.330 GC heap before
{Heap before GC invocations=39 (full 0):
 garbage-first heap   total 256000K, used 183296K [0x0000000080000000, 0x0000000100000000)
  region size 1024K, 36 young (36864K), 7 survivors (7168K)
 Metaspace       used 107758K, committed 109824K, reserved 1179648K
  class space    used 15305K, committed 16256K, reserved 1048576K
}
Event: 49.349 GC heap after
{Heap after GC invocations=40 (full 0):
 garbage-first heap   total 256000K, used 159066K [0x0000000080000000, 0x0000000100000000)
  region size 1024K, 5 young (5120K), 5 survivors (5120K)
 Metaspace       used 107758K, committed 109824K, reserved 1179648K
  class space    used 15305K, committed 16256K, reserved 1048576K
}
Event: 51.248 GC heap before
{Heap before GC invocations=40 (full 0):
 garbage-first heap   total 256000K, used 216410K [0x0000000080000000, 0x0000000100000000)
  region size 1024K, 61 young (62464K), 5 survivors (5120K)
 Metaspace       used 114116K, committed 116160K, reserved 1179648K
  class space    used 15980K, committed 16960K, reserved 1048576K
}
Event: 51.269 GC heap after
{Heap after GC invocations=41 (full 0):
 garbage-first heap   total 256000K, used 163259K [0x0000000080000000, 0x0000000100000000)
  region size 1024K, 8 young (8192K), 8 survivors (8192K)
 Metaspace       used 114116K, committed 116160K, reserved 1179648K
  class space    used 15980K, committed 16960K, reserved 1048576K
}
Event: 53.024 GC heap before
{Heap before GC invocations=41 (full 0):
 garbage-first heap   total 256000K, used 220603K [0x0000000080000000, 0x0000000100000000)
  region size 1024K, 65 young (66560K), 8 survivors (8192K)
 Metaspace       used 122105K, committed 124160K, reserved 1179648K
  class space    used 16725K, committed 17728K, reserved 1048576K
}
Event: 53.042 GC heap after
{Heap after GC invocations=42 (full 0):
 garbage-first heap   total 256000K, used 165031K [0x0000000080000000, 0x0000000100000000)
  region size 1024K, 6 young (6144K), 6 survivors (6144K)
 Metaspace       used 122105K, committed 124160K, reserved 1179648K
  class space    used 16725K, committed 17728K, reserved 1048576K
}
Event: 54.884 GC heap before
{Heap before GC invocations=43 (full 0):
 garbage-first heap   total 276480K, used 226471K [0x0000000080000000, 0x0000000100000000)
  region size 1024K, 66 young (67584K), 6 survivors (6144K)
 Metaspace       used 127917K, committed 129920K, reserved 1179648K
  class space    used 17386K, committed 18368K, reserved 1048576K
}
Event: 54.912 GC heap after
{Heap after GC invocations=44 (full 0):
 garbage-first heap   total 276480K, used 171865K [0x0000000080000000, 0x0000000100000000)
  region size 1024K, 8 young (8192K), 8 survivors (8192K)
 Metaspace       used 127917K, committed 129920K, reserved 1179648K
  class space    used 17386K, committed 18368K, reserved 1048576K
}
Event: 57.384 GC heap before
{Heap before GC invocations=44 (full 0):
 garbage-first heap   total 276480K, used 243545K [0x0000000080000000, 0x0000000100000000)
  region size 1024K, 79 young (80896K), 8 survivors (8192K)
 Metaspace       used 137618K, committed 139648K, reserved 1179648K
  class space    used 18484K, committed 19456K, reserved 1048576K
}
Event: 57.406 GC heap after
{Heap after GC invocations=45 (full 0):
 garbage-first heap   total 276480K, used 175227K [0x0000000080000000, 0x0000000100000000)
  region size 1024K, 5 young (5120K), 5 survivors (5120K)
 Metaspace       used 137618K, committed 139648K, reserved 1179648K
  class space    used 18484K, committed 19456K, reserved 1048576K
}

Dll operation events (3 events):
Event: 0.034 Loaded shared library C:\Program Files\Android\Android Studio\jbr\bin\java.dll
Event: 0.068 Loaded shared library C:\Program Files\Android\Android Studio\jbr\bin\zip.dll
Event: 1.739 Loaded shared library C:\Program Files\Android\Android Studio\jbr\bin\verify.dll

Deoptimization events (20 events):
Event: 58.709 Thread 0x00000225ac2f97d0 DEOPT PACKING pc=0x000002259322e53c sp=0x000000987fff0db0
Event: 58.709 Thread 0x00000225ac2f97d0 DEOPT UNPACKING pc=0x000002259a1e4e42 sp=0x000000987fff0218 mode 0
Event: 58.720 Thread 0x00000225ac2f97d0 DEOPT PACKING pc=0x000002259322e53c sp=0x000000987fff0db0
Event: 58.720 Thread 0x00000225ac2f97d0 DEOPT UNPACKING pc=0x000002259a1e4e42 sp=0x000000987fff0218 mode 0
Event: 58.730 Thread 0x00000225ac2f97d0 DEOPT PACKING pc=0x000002259322e53c sp=0x000000987fff0db0
Event: 58.730 Thread 0x00000225ac2f97d0 DEOPT UNPACKING pc=0x000002259a1e4e42 sp=0x000000987fff0218 mode 0
Event: 58.740 Thread 0x00000225ac2f97d0 DEOPT PACKING pc=0x000002259322e53c sp=0x000000987fff0db0
Event: 58.740 Thread 0x00000225ac2f97d0 DEOPT UNPACKING pc=0x000002259a1e4e42 sp=0x000000987fff0218 mode 0
Event: 58.832 Thread 0x00000225ac2f97d0 DEOPT PACKING pc=0x0000022592dbb248 sp=0x000000987fff2430
Event: 58.832 Thread 0x00000225ac2f97d0 DEOPT UNPACKING pc=0x000002259a1e4e42 sp=0x000000987fff1908 mode 0
Event: 58.853 Thread 0x00000225ac2f97d0 DEOPT PACKING pc=0x000002259322e53c sp=0x000000987fff16f0
Event: 58.853 Thread 0x00000225ac2f97d0 DEOPT UNPACKING pc=0x000002259a1e4e42 sp=0x000000987fff0b58 mode 0
Event: 58.880 Thread 0x00000225ac2f97d0 DEOPT PACKING pc=0x0000022592dbb248 sp=0x000000987fff1af0
Event: 58.880 Thread 0x00000225ac2f97d0 DEOPT UNPACKING pc=0x000002259a1e4e42 sp=0x000000987fff0fc8 mode 0
Event: 58.910 Thread 0x00000225ac2f97d0 DEOPT PACKING pc=0x000002259322e53c sp=0x000000987fff0e20
Event: 58.910 Thread 0x00000225ac2f97d0 DEOPT UNPACKING pc=0x000002259a1e4e42 sp=0x000000987fff0288 mode 0
Event: 58.916 Thread 0x00000225ac2f97d0 DEOPT PACKING pc=0x000002259322e53c sp=0x000000987fff0e20
Event: 58.916 Thread 0x00000225ac2f97d0 DEOPT UNPACKING pc=0x000002259a1e4e42 sp=0x000000987fff0288 mode 0
Event: 58.917 Thread 0x00000225ac2f97d0 DEOPT PACKING pc=0x0000022592dbb248 sp=0x000000987fff1b60
Event: 58.917 Thread 0x00000225ac2f97d0 DEOPT UNPACKING pc=0x000002259a1e4e42 sp=0x000000987fff1038 mode 0

Classes loaded (20 events):
Event: 52.974 Loading class java/util/PriorityQueue
Event: 52.975 Loading class java/util/PriorityQueue done
Event: 54.079 Loading class java/text/StringCharacterIterator
Event: 54.080 Loading class java/text/CharacterIterator
Event: 54.080 Loading class java/text/CharacterIterator done
Event: 54.080 Loading class java/text/StringCharacterIterator done
Event: 54.513 Loading class java/util/AbstractList$RandomAccessSubList
Event: 54.514 Loading class java/util/AbstractList$SubList
Event: 54.514 Loading class java/util/AbstractList$SubList done
Event: 54.514 Loading class java/util/AbstractList$RandomAccessSubList done
Event: 55.261 Loading class java/util/AbstractList$SubList$1
Event: 55.261 Loading class java/util/AbstractList$SubList$1 done
Event: 55.404 Loading class java/util/EnumMap$EntrySet
Event: 55.404 Loading class java/util/EnumMap$EntrySet done
Event: 55.404 Loading class java/util/EnumMap$EntryIterator
Event: 55.404 Loading class java/util/EnumMap$EnumMapIterator
Event: 55.404 Loading class java/util/EnumMap$EnumMapIterator done
Event: 55.404 Loading class java/util/EnumMap$EntryIterator done
Event: 55.404 Loading class java/util/EnumMap$EntryIterator$Entry
Event: 55.405 Loading class java/util/EnumMap$EntryIterator$Entry done

Classes unloaded (12 events):
Event: 27.090 Thread 0x000002258e10f130 Unloading class 0x0000000100990948 '_BuildScript_$_run_closure1$_closure2'
Event: 27.090 Thread 0x000002258e10f130 Unloading class 0x0000000100990528 '_BuildScript_$_run_closure1'
Event: 27.090 Thread 0x000002258e10f130 Unloading class 0x0000000100990000 '_BuildScript_'
Event: 37.775 Thread 0x000002258e10f130 Unloading class 0x00000001009b9188 '_BuildScript_$_run_closure1$_closure3'
Event: 37.775 Thread 0x000002258e10f130 Unloading class 0x00000001009b8d68 '_BuildScript_$_run_closure1$_closure2'
Event: 37.775 Thread 0x000002258e10f130 Unloading class 0x00000001009b8948 '_BuildScript_$_run_closure1'
Event: 37.775 Thread 0x000002258e10f130 Unloading class 0x00000001009b8420 '_BuildScript_'
Event: 37.775 Thread 0x000002258e10f130 Unloading class 0x00000001009b8000 'JetGradlePlugin$_apply_closure1$_closure2$_closure3'
Event: 37.775 Thread 0x000002258e10f130 Unloading class 0x00000001009b19f0 'JetGradlePlugin$_apply_closure1$_closure2'
Event: 37.775 Thread 0x000002258e10f130 Unloading class 0x00000001009b15d0 'JetGradlePlugin$_apply_closure1'
Event: 37.775 Thread 0x000002258e10f130 Unloading class 0x00000001009b1300 'JetGradlePlugin'
Event: 37.775 Thread 0x000002258e10f130 Unloading class 0x00000001009b1000 'RegistryProcessor'

Classes redefined (0 events):
No events

Internal exceptions (20 events):
Event: 46.531 Thread 0x00000225ac2f97d0 Exception <a 'java/lang/NoSuchMethodError'{0x0000000089210338}: 'java.lang.Object java.lang.invoke.DelegatingMethodHandle$Holder.reinvoke_L(java.lang.Object, int, long, java.lang.Object, java.lang.Object, int, java.lang.Object)'> (0x0000000089210338) 
thrown [s\src\hotspot\share\interpreter\linkResolver.cpp, line 784]
Event: 47.137 Thread 0x00000225ac2f97d0 Exception <a 'java/lang/NoSuchMethodError'{0x000000008c796028}: 'java.lang.Object java.lang.invoke.Invokers$Holder.invokeExact_MT(java.lang.Object, java.lang.Object, long, java.lang.Object)'> (0x000000008c796028) 
thrown [s\src\hotspot\share\interpreter\linkResolver.cpp, line 784]
Event: 47.335 Thread 0x00000225ac2f97d0 Exception <a 'java/lang/NoSuchMethodError'{0x000000008aa362b0}: 'java.lang.Object java.lang.invoke.DirectMethodHandle$Holder.invokeStatic(java.lang.Object, java.lang.Object, long, long)'> (0x000000008aa362b0) 
thrown [s\src\hotspot\share\interpreter\linkResolver.cpp, line 784]
Event: 47.347 Thread 0x00000225ac2f97d0 Exception <a 'java/lang/NoSuchMethodError'{0x000000008aa86478}: 'java.lang.Object java.lang.invoke.DirectMethodHandle$Holder.invokeStatic(java.lang.Object, java.lang.Object, java.lang.Object, long, java.lang.Object)'> (0x000000008aa86478) 
thrown [s\src\hotspot\share\interpreter\linkResolver.cpp, line 784]
Event: 47.348 Thread 0x00000225ac2f97d0 Exception <a 'java/lang/NoSuchMethodError'{0x000000008aa8ecf8}: 'java.lang.Object java.lang.invoke.DirectMethodHandle$Holder.newInvokeSpecial(java.lang.Object, java.lang.Object, java.lang.Object, long)'> (0x000000008aa8ecf8) 
thrown [s\src\hotspot\share\interpreter\linkResolver.cpp, line 784]
Event: 47.349 Thread 0x00000225ac2f97d0 Exception <a 'java/lang/NoSuchMethodError'{0x000000008aa942a0}: 'java.lang.Object java.lang.invoke.Invokers$Holder.linkToTargetMethod(java.lang.Object, java.lang.Object, long, java.lang.Object)'> (0x000000008aa942a0) 
thrown [s\src\hotspot\share\interpreter\linkResolver.cpp, line 784]
Event: 54.230 Thread 0x00000225ac2f97d0 Exception <a 'java/lang/NoSuchMethodError'{0x000000008da68170}: 'java.lang.Object java.lang.invoke.DirectMethodHandle$Holder.newInvokeSpecial(java.lang.Object, int, java.lang.Object, java.lang.Object)'> (0x000000008da68170) 
thrown [s\src\hotspot\share\interpreter\linkResolver.cpp, line 784]
Event: 54.633 Thread 0x00000225ac2f97d0 Exception <a 'java/lang/NoSuchMethodError'{0x000000008ca045d8}: 'java.lang.Object java.lang.invoke.DirectMethodHandle$Holder.invokeStatic(java.lang.Object, java.lang.Object, java.lang.Object, java.lang.Object, int, java.lang.Object, java.lang.Object)'> (0x000000008ca045d8) 
thrown [s\src\hotspot\share\interpreter\linkResolver.cpp, line 784]
Event: 54.635 Thread 0x00000225ac2f97d0 Exception <a 'java/lang/NoSuchMethodError'{0x000000008ca0f5e0}: 'java.lang.Object java.lang.invoke.DirectMethodHandle$Holder.newInvokeSpecial(java.lang.Object, java.lang.Object, java.lang.Object, java.lang.Object, int, java.lang.Object, java.lang.Object)'> (0x000000008ca0f5e0) 
thrown [s\src\hotspot\share\interpreter\linkResolver.cpp, line 784]
Event: 54.636 Thread 0x00000225ac2f97d0 Exception <a 'java/lang/NoSuchMethodError'{0x000000008ca15d20}: 'java.lang.Object java.lang.invoke.DirectMethodHandle$Holder.invokeSpecial(java.lang.Object, java.lang.Object, java.lang.Object, java.lang.Object, java.lang.Object, int, java.lang.Object, java.lang.Object)'> (0x000000008ca15d20) 
thrown [s\src\hotspot\share\interpreter\linkResolver.cpp, line 784]
Event: 57.690 Thread 0x00000225ac2f97d0 Exception <a 'java/lang/NoSuchMethodError'{0x000000008f904178}: 'java.lang.Object java.lang.invoke.DirectMethodHandle$Holder.invokeStatic(java.lang.Object, java.lang.Object, java.lang.Object, java.lang.Object, java.lang.Object, int)'> (0x000000008f904178) 
thrown [s\src\hotspot\share\interpreter\linkResolver.cpp, line 784]
Event: 57.692 Thread 0x00000225ac2f97d0 Exception <a 'java/lang/NoSuchMethodError'{0x000000008f9120d0}: 'java.lang.Object java.lang.invoke.DirectMethodHandle$Holder.newInvokeSpecial(java.lang.Object, java.lang.Object, java.lang.Object, java.lang.Object, java.lang.Object, int)'> (0x000000008f9120d0) 
thrown [s\src\hotspot\share\interpreter\linkResolver.cpp, line 784]
Event: 57.692 Thread 0x00000225ac2f97d0 Exception <a 'java/lang/NoSuchMethodError'{0x000000008f917e20}: 'java.lang.Object java.lang.invoke.DirectMethodHandle$Holder.invokeSpecial(java.lang.Object, java.lang.Object, java.lang.Object, java.lang.Object, java.lang.Object, java.lang.Object, int)'> (0x000000008f917e20) 
thrown [s\src\hotspot\share\interpreter\linkResolver.cpp, line 784]
Event: 57.693 Thread 0x00000225ac2f97d0 Exception <a 'java/lang/NoSuchMethodError'{0x000000008f91d1b8}: 'java.lang.Object java.lang.invoke.Invokers$Holder.linkToTargetMethod(java.lang.Object, java.lang.Object, java.lang.Object, java.lang.Object, int, java.lang.Object)'> (0x000000008f91d1b8) 
thrown [s\src\hotspot\share\interpreter\linkResolver.cpp, line 784]
Event: 57.716 Thread 0x00000225ac2f97d0 Exception <a 'java/lang/NoSuchMethodError'{0x000000008f9be198}: 'java.lang.Object java.lang.invoke.DirectMethodHandle$Holder.newInvokeSpecial(java.lang.Object, java.lang.Object, java.lang.Object, java.lang.Object, java.lang.Object, java.lang.Object, java.lang.Object, java.lang.Object, int)'> (0x000000008f9be198) 
thrown [s\src\hotspot\share\interpreter\linkResolver.cpp, line 784]
Event: 57.716 Thread 0x00000225ac2f97d0 Exception <a 'java/lang/NoSuchMethodError'{0x000000008f9c4960}: 'java.lang.Object java.lang.invoke.DirectMethodHandle$Holder.invokeSpecial(java.lang.Object, java.lang.Object, java.lang.Object, java.lang.Object, java.lang.Object, java.lang.Object, java.lang.Object, java.lang.Object, java.lang.Object, int)'> (0x000000008f9c4960) 
thrown [s\src\hotspot\share\interpreter\linkResolver.cpp, line 784]
Event: 57.717 Thread 0x00000225ac2f97d0 Exception <a 'java/lang/NoSuchMethodError'{0x000000008f9ca868}: 'java.lang.Object java.lang.invoke.Invokers$Holder.linkToTargetMethod(java.lang.Object, java.lang.Object, java.lang.Object, java.lang.Object, java.lang.Object, java.lang.Object, java.lang.Object, int, java.lang.Object)'> (0x000000008f9ca868) 
thrown [s\src\hotspot\share\interpreter\linkResolver.cpp, line 784]
Event: 59.039 Thread 0x00000225ac2f97d0 Exception <a 'java/lang/NoSuchMethodError'{0x000000008c3ba100}: 'java.lang.Object java.lang.invoke.DirectMethodHandle$Holder.newInvokeSpecial(java.lang.Object, int, java.lang.Object, int, int)'> (0x000000008c3ba100) 
thrown [s\src\hotspot\share\interpreter\linkResolver.cpp, line 784]
Event: 59.121 Thread 0x00000225ac2f97d0 Exception <a 'java/lang/NoSuchMethodError'{0x000000008c1721e8}: 'java.lang.Object java.lang.invoke.DirectMethodHandle$Holder.newInvokeSpecial(java.lang.Object, int, java.lang.Object, int)'> (0x000000008c1721e8) 
thrown [s\src\hotspot\share\interpreter\linkResolver.cpp, line 784]
Event: 59.122 Thread 0x00000225ac2f97d0 Exception <a 'java/lang/NoSuchMethodError'{0x000000008c177998}: 'java.lang.Object java.lang.invoke.DirectMethodHandle$Holder.invokeSpecial(java.lang.Object, java.lang.Object, int, java.lang.Object, int)'> (0x000000008c177998) 
thrown [s\src\hotspot\share\interpreter\linkResolver.cpp, line 784]

ZGC Phase Switch (0 events):
No events

VM Operations (20 events):
Event: 54.760 Executing VM operation: Cleanup
Event: 54.761 Executing VM operation: Cleanup done
Event: 54.884 Executing VM operation: G1CollectForAllocation (G1 Evacuation Pause)
Event: 54.912 Executing VM operation: G1CollectForAllocation (G1 Evacuation Pause) done
Event: 55.197 Executing VM operation: HandshakeAllThreads (Deoptimize)
Event: 55.197 Executing VM operation: HandshakeAllThreads (Deoptimize) done
Event: 55.588 Executing VM operation: HandshakeAllThreads (Deoptimize)
Event: 55.589 Executing VM operation: HandshakeAllThreads (Deoptimize) done
Event: 56.601 Executing VM operation: Cleanup
Event: 56.601 Executing VM operation: Cleanup done
Event: 57.384 Executing VM operation: G1CollectForAllocation (G1 Evacuation Pause)
Event: 57.406 Executing VM operation: G1CollectForAllocation (G1 Evacuation Pause) done
Event: 57.775 Executing VM operation: HandshakeAllThreads (Deoptimize)
Event: 57.775 Executing VM operation: HandshakeAllThreads (Deoptimize) done
Event: 57.787 Executing VM operation: HandshakeAllThreads (Deoptimize)
Event: 57.787 Executing VM operation: HandshakeAllThreads (Deoptimize) done
Event: 58.430 Executing VM operation: HandshakeAllThreads (Deoptimize)
Event: 58.430 Executing VM operation: HandshakeAllThreads (Deoptimize) done
Event: 58.430 Executing VM operation: Cleanup
Event: 58.430 Executing VM operation: Cleanup done

Memory protections (0 events):
No events

Nmethod flushes (20 events):
Event: 53.473 Thread 0x000002258e10f130 flushing  nmethod 0x0000022592e13090
Event: 53.473 Thread 0x000002258e10f130 flushing  nmethod 0x0000022592e15d10
Event: 53.473 Thread 0x000002258e10f130 flushing  nmethod 0x0000022592f15710
Event: 53.473 Thread 0x000002258e10f130 flushing  nmethod 0x0000022592f43110
Event: 53.473 Thread 0x000002258e10f130 flushing  nmethod 0x0000022592fefd90
Event: 53.473 Thread 0x000002258e10f130 flushing  nmethod 0x0000022592ff1890
Event: 53.473 Thread 0x000002258e10f130 flushing  nmethod 0x00000225930a7f90
Event: 53.473 Thread 0x000002258e10f130 flushing  nmethod 0x00000225932afe90
Event: 53.473 Thread 0x000002258e10f130 flushing  nmethod 0x0000022593334a10
Event: 53.473 Thread 0x000002258e10f130 flushing  nmethod 0x00000225934ca010
Event: 53.473 Thread 0x000002258e10f130 flushing  nmethod 0x00000225934d2e10
Event: 53.473 Thread 0x000002258e10f130 flushing  nmethod 0x00000225937ef210
Event: 53.473 Thread 0x000002258e10f130 flushing  nmethod 0x0000022593912890
Event: 53.473 Thread 0x000002258e10f130 flushing  nmethod 0x00000225939c0590
Event: 53.473 Thread 0x000002258e10f130 flushing  nmethod 0x00000225939c0910
Event: 53.473 Thread 0x000002258e10f130 flushing  nmethod 0x0000022593a31090
Event: 53.473 Thread 0x000002258e10f130 flushing  nmethod 0x0000022593a61610
Event: 53.473 Thread 0x000002258e10f130 flushing  nmethod 0x0000022593a61e10
Event: 53.473 Thread 0x000002258e10f130 flushing  nmethod 0x0000022593aa5390
Event: 53.473 Thread 0x000002258e10f130 flushing  nmethod 0x0000022593aa5790

Events (20 events):
Event: 19.631 Thread 0x00000225a72ca1a0 Thread added: 0x00000225ada5d710
Event: 20.166 Thread 0x00000225ada5d710 Thread exited: 0x00000225ada5d710
Event: 20.561 Thread 0x00000225a72ca1a0 Thread added: 0x00000225ada5d710
Event: 23.808 Thread 0x00000225ada5d710 Thread exited: 0x00000225ada5d710
Event: 24.290 Thread 0x00000225a72ca1a0 Thread added: 0x00000225ada5c970
Event: 25.257 Thread 0x00000225ada5c970 Thread exited: 0x00000225ada5c970
Event: 25.270 Thread 0x00000225a72ca1a0 Thread added: 0x00000225ada5c970
Event: 27.073 Thread 0x00000225ada5c970 Thread exited: 0x00000225ada5c970
Event: 27.958 Thread 0x00000225a72ca1a0 Thread added: 0x00000225ada5c970
Event: 29.035 Thread 0x00000225ada5c970 Thread exited: 0x00000225ada5c970
Event: 30.833 Thread 0x00000225a72ca1a0 Thread added: 0x00000225ada5e4b0
Event: 31.107 Thread 0x00000225ada5e4b0 Thread exited: 0x00000225ada5e4b0
Event: 31.401 Thread 0x00000225a72ca1a0 Thread added: 0x00000225ada5c970
Event: 32.548 Thread 0x00000225ada5c970 Thread exited: 0x00000225ada5c970
Event: 33.446 Thread 0x00000225a72c6b40 Thread added: 0x00000225ada5e4b0
Event: 33.786 Thread 0x00000225ada5e4b0 Thread exited: 0x00000225ada5e4b0
Event: 35.267 Thread 0x00000225a72ca1a0 Thread added: 0x00000225ada5c970
Event: 35.425 Thread 0x00000225ada5c970 Thread exited: 0x00000225ada5c970
Event: 40.216 Thread 0x00000225a72ca1a0 Thread added: 0x00000225afd0e040
Event: 43.299 Thread 0x00000225afd0e040 Thread exited: 0x00000225afd0e040


Dynamic libraries:
0x00007ff6641c0000 - 0x00007ff6641ca000 	C:\Program Files\Android\Android Studio\jbr\bin\java.exe
0x00007ff83b930000 - 0x00007ff83bb25000 	C:\Windows\SYSTEM32\ntdll.dll
0x00007ff83b670000 - 0x00007ff83b72e000 	C:\Windows\System32\KERNEL32.DLL
0x00007ff839100000 - 0x00007ff8393c9000 	C:\Windows\System32\KERNELBASE.dll
0x00007ff839750000 - 0x00007ff839850000 	C:\Windows\System32\ucrtbase.dll
0x00007ff834150000 - 0x00007ff83416b000 	C:\Program Files\Android\Android Studio\jbr\bin\VCRUNTIME140.dll
0x00007ff8136c0000 - 0x00007ff8136d8000 	C:\Program Files\Android\Android Studio\jbr\bin\jli.dll
0x00007ff83b4c0000 - 0x00007ff83b661000 	C:\Windows\System32\USER32.dll
0x00007ff839510000 - 0x00007ff839532000 	C:\Windows\System32\win32u.dll
0x00007ff82a750000 - 0x00007ff82a9ea000 	C:\Windows\WinSxS\amd64_microsoft.windows.common-controls_6595b64144ccf1df_6.0.19041.1110_none_60b5254171f9507e\COMCTL32.dll
0x00007ff83b330000 - 0x00007ff83b35b000 	C:\Windows\System32\GDI32.dll
0x00007ff8393d0000 - 0x00007ff8394db000 	C:\Windows\System32\gdi32full.dll
0x00007ff83a850000 - 0x00007ff83a8ee000 	C:\Windows\System32\msvcrt.dll
0x00007ff8398e0000 - 0x00007ff83997d000 	C:\Windows\System32\msvcp_win.dll
0x00007ff839a40000 - 0x00007ff839a70000 	C:\Windows\System32\IMM32.DLL
0x00007ff832d10000 - 0x00007ff832d1c000 	C:\Program Files\Android\Android Studio\jbr\bin\vcruntime140_1.dll
0x00007ff804b50000 - 0x00007ff804bdd000 	C:\Program Files\Android\Android Studio\jbr\bin\msvcp140.dll
0x00007fffe4df0000 - 0x00007fffe5a86000 	C:\Program Files\Android\Android Studio\jbr\bin\server\jvm.dll
0x00007ff83b360000 - 0x00007ff83b40c000 	C:\Windows\System32\ADVAPI32.dll
0x00007ff839fb0000 - 0x00007ff83a04b000 	C:\Windows\System32\sechost.dll
0x00007ff83a5f0000 - 0x00007ff83a71a000 	C:\Windows\System32\RPCRT4.dll
0x00007ff83a4d0000 - 0x00007ff83a53b000 	C:\Windows\System32\WS2_32.dll
0x00007ff838ec0000 - 0x00007ff838f0b000 	C:\Windows\SYSTEM32\POWRPROF.dll
0x00007ff82b1c0000 - 0x00007ff82b1ca000 	C:\Windows\SYSTEM32\VERSION.dll
0x00007ff82aaf0000 - 0x00007ff82ab17000 	C:\Windows\SYSTEM32\WINMM.dll
0x00007ff838ea0000 - 0x00007ff838eb2000 	C:\Windows\SYSTEM32\UMPDC.dll
0x00007ff836f50000 - 0x00007ff836f62000 	C:\Windows\SYSTEM32\kernel.appcore.dll
0x00007ff832650000 - 0x00007ff83265a000 	C:\Program Files\Android\Android Studio\jbr\bin\jimage.dll
0x00007ff82adf0000 - 0x00007ff82afd4000 	C:\Windows\SYSTEM32\DBGHELP.DLL
0x00007ff829300000 - 0x00007ff82932c000 	C:\Windows\SYSTEM32\dbgcore.DLL
0x00007ff839850000 - 0x00007ff8398d3000 	C:\Windows\System32\bcryptPrimitives.dll
0x00007ff815f00000 - 0x00007ff815f0e000 	C:\Program Files\Android\Android Studio\jbr\bin\instrument.dll
0x00007ff832630000 - 0x00007ff832650000 	C:\Program Files\Android\Android Studio\jbr\bin\java.dll
0x00007ff82a6a0000 - 0x00007ff82a6b8000 	C:\Program Files\Android\Android Studio\jbr\bin\zip.dll
0x00007ff83a950000 - 0x00007ff83b08f000 	C:\Windows\System32\SHELL32.dll
0x00007ff837150000 - 0x00007ff8378e0000 	C:\Windows\SYSTEM32\windows.storage.dll
0x00007ff839bf0000 - 0x00007ff839f45000 	C:\Windows\System32\combase.dll
0x00007ff8389d0000 - 0x00007ff8389fc000 	C:\Windows\SYSTEM32\Wldp.dll
0x00007ff83a540000 - 0x00007ff83a5ed000 	C:\Windows\System32\SHCORE.dll
0x00007ff839f50000 - 0x00007ff839fa5000 	C:\Windows\System32\shlwapi.dll
0x00007ff838f90000 - 0x00007ff838faf000 	C:\Windows\SYSTEM32\profapi.dll
0x00007ff8325e0000 - 0x00007ff8325f0000 	C:\Program Files\Android\Android Studio\jbr\bin\net.dll
0x00007ff82f1e0000 - 0x00007ff82f2e8000 	C:\Windows\SYSTEM32\WINHTTP.dll
0x00007ff838730000 - 0x00007ff83879a000 	C:\Windows\system32\mswsock.dll
0x00007ff82a3d0000 - 0x00007ff82a3e6000 	C:\Program Files\Android\Android Studio\jbr\bin\nio.dll
0x00007ff829800000 - 0x00007ff829810000 	C:\Program Files\Android\Android Studio\jbr\bin\verify.dll
0x00007ff815ad0000 - 0x00007ff815af7000 	C:\Users\Usuario\.gradle\native\660c5614fbf4a5f2a75b1949f50a0caf5cd603558e7d8a26e50b933a0cfb79d1\windows-amd64\native-platform.dll
0x00007ff803050000 - 0x00007ff8030c7000 	C:\Users\Usuario\.gradle\native\0.2.8\x86_64-windows-gnu\gradle-fileevents.dll
0x00007ff832040000 - 0x00007ff832049000 	C:\Program Files\Android\Android Studio\jbr\bin\management.dll
0x00007ff82f820000 - 0x00007ff82f82b000 	C:\Program Files\Android\Android Studio\jbr\bin\management_ext.dll
0x00007ff83b410000 - 0x00007ff83b418000 	C:\Windows\System32\PSAPI.DLL
0x00007ff838420000 - 0x00007ff83845b000 	C:\Windows\SYSTEM32\IPHLPAPI.DLL
0x00007ff83b240000 - 0x00007ff83b248000 	C:\Windows\System32\NSI.dll
0x00007ff832110000 - 0x00007ff832119000 	C:\Program Files\Android\Android Studio\jbr\bin\extnet.dll
0x00007ff838920000 - 0x00007ff838938000 	C:\Windows\SYSTEM32\CRYPTSP.dll
0x00007ff8380b0000 - 0x00007ff8380e4000 	C:\Windows\system32\rsaenh.dll
0x00007ff8394e0000 - 0x00007ff839507000 	C:\Windows\System32\bcrypt.dll
0x00007ff838f50000 - 0x00007ff838f7e000 	C:\Windows\SYSTEM32\USERENV.dll
0x00007ff838940000 - 0x00007ff83894c000 	C:\Windows\SYSTEM32\CRYPTBASE.dll
0x00007ff834710000 - 0x00007ff834717000 	C:\Windows\system32\wshunix.dll
0x00007ff838460000 - 0x00007ff83852c000 	C:\Windows\SYSTEM32\DNSAPI.dll
0x000000006fc90000 - 0x000000006fcb6000 	C:\Program Files\Bonjour\mdnsNSP.dll
0x00007ff82ec90000 - 0x00007ff82ec9a000 	C:\Windows\System32\rasadhlp.dll
0x00007ff82f160000 - 0x00007ff82f1df000 	C:\Windows\System32\fwpuclnt.dll

JVMTI agents:
C:\Users\Usuario\.gradle\wrapper\dists\gradle-9.4.1-bin\arn2x92ynaizyzdaamcbpbhtj\gradle-9.4.1\lib\agents\gradle-instrumentation-agent-9.4.1.jar path:C:\Program Files\Android\Android Studio\jbr\bin\instrument.dll, loaded, initialized, instrumentlib options:none

dbghelp: loaded successfully - version: 4.0.5 - missing functions: none
symbol engine: initialized successfully - sym options: 0x614 - pdb path: .;C:\Program Files\Android\Android Studio\jbr\bin;C:\Windows\SYSTEM32;C:\Windows\WinSxS\amd64_microsoft.windows.common-controls_6595b64144ccf1df_6.0.19041.1110_none_60b5254171f9507e;C:\Program Files\Android\Android Studio\jbr\bin\server;C:\Users\Usuario\.gradle\native\660c5614fbf4a5f2a75b1949f50a0caf5cd603558e7d8a26e50b933a0cfb79d1\windows-amd64;C:\Users\Usuario\.gradle\native\0.2.8\x86_64-windows-gnu;C:\Program Files\Bonjour

VM Arguments:
jvm_args: --add-opens=java.base/java.lang=ALL-UNNAMED --add-opens=java.base/java.lang.invoke=ALL-UNNAMED --add-opens=java.base/java.util=ALL-UNNAMED --add-opens=java.prefs/java.util.prefs=ALL-UNNAMED --add-exports=jdk.compiler/com.sun.tools.javac.api=ALL-UNNAMED --add-exports=jdk.compiler/com.sun.tools.javac.util=ALL-UNNAMED --add-opens=java.base/java.util=ALL-UNNAMED --add-opens=java.prefs/java.util.prefs=ALL-UNNAMED --add-opens=java.base/java.nio.charset=ALL-UNNAMED --add-opens=java.base/java.net=ALL-UNNAMED --add-opens=java.base/java.util.concurrent=ALL-UNNAMED --add-opens=java.base/java.util.concurrent.atomic=ALL-UNNAMED --add-opens=java.xml/javax.xml.namespace=ALL-UNNAMED --add-opens=java.base/java.time=ALL-UNNAMED -Xmx2048m -Dfile.encoding=UTF-8 -Duser.country=PE -Duser.language=es -Duser.variant -javaagent:C:\Users\Usuario\.gradle\wrapper\dists\gradle-9.4.1-bin\arn2x92ynaizyzdaamcbpbhtj\gradle-9.4.1\lib\agents\gradle-instrumentation-agent-9.4.1.jar 
java_command: org.gradle.launcher.daemon.bootstrap.GradleDaemon 9.4.1
java_class_path (initial): C:\Users\Usuario\.gradle\wrapper\dists\gradle-9.4.1-bin\arn2x92ynaizyzdaamcbpbhtj\gradle-9.4.1\lib\gradle-daemon-main-9.4.1.jar
Launcher Type: SUN_STANDARD

[Global flags]
     intx CICompilerCount                          = 3                                         {product} {ergonomic}
     uint ConcGCThreads                            = 1                                         {product} {ergonomic}
     uint G1ConcRefinementThreads                  = 4                                         {product} {ergonomic}
   size_t G1HeapRegionSize                         = 1048576                                   {product} {ergonomic}
    uintx GCDrainStackTargetSize                   = 64                                        {product} {ergonomic}
   size_t InitialHeapSize                          = 251658240                                 {product} {ergonomic}
   size_t MarkStackSize                            = 4194304                                   {product} {ergonomic}
   size_t MaxHeapSize                              = 2147483648                                {product} {command line}
   size_t MaxNewSize                               = 1287651328                                {product} {ergonomic}
   size_t MinHeapDeltaBytes                        = 1048576                                   {product} {ergonomic}
   size_t MinHeapSize                              = 8388608                                   {product} {ergonomic}
    uintx NonNMethodCodeHeapSize                   = 5832780                                {pd product} {ergonomic}
    uintx NonProfiledCodeHeapSize                  = 122912730                              {pd product} {ergonomic}
    uintx ProfiledCodeHeapSize                     = 122912730                              {pd product} {ergonomic}
    uintx ReservedCodeCacheSize                    = 251658240                              {pd product} {ergonomic}
     bool SegmentedCodeCache                       = true                                      {product} {ergonomic}
   size_t SoftMaxHeapSize                          = 2147483648                             {manageable} {ergonomic}
     bool UseCompressedOops                        = true                           {product lp64_product} {ergonomic}
     bool UseG1GC                                  = true                                      {product} {ergonomic}
     bool UseLargePagesIndividualAllocation        = false                                  {pd product} {ergonomic}

Logging:
Log output configuration:
 #0: stdout all=warning uptime,level,tags foldmultilines=false
 #1: stderr all=off uptime,level,tags foldmultilines=false

Environment Variables:
JAVA_HOME=C:\Program Files\Java\jdk-21
PATH=C:\Program Files\Eclipse Adoptium\jdk-21.0.10.7-hotspot\bin;C:\Program Files (x86)\Common Files\Oracle\Java\javapath;C:\oracleXE\dbhomeXE\bin;C:\Program Files\Common Files\Oracle\Java\javapath;C:\Windows\system32;C:\Windows;C:\Windows\System32\Wbem;C:\Windows\System32\WindowsPowerShell\v1.0\;C:\Windows\System32\OpenSSH\;C:\Program Files (x86)\Microsoft SQL Server\160\DTS\Binn\;C:\Program Files\Azure Data Studio\bin;C:\Program Files\Microsoft SQL Server\Client SDK\ODBC\170\Tools\Binn\;C:\Program Files (x86)\Microsoft SQL Server\150\Tools\Binn\;C:\Program Files\Microsoft SQL Server\150\Tools\Binn\;C:\Program Files\Microsoft SQL Server\150\DTS\Binn\;C:\Program Files\dotnet\;C:\Program Files\nodejs\;C:\Program Files\Git\cmd;C:\Users\Usuario\AppData\Local\Programs\Python\Launcher\;C:\Users\Usuario\AppData\Local\Microsoft\WindowsApps;C:\Program Files\Azure Data Studio\bin;C:\Users\Usuario\AppData\Local\Programs\Microsoft VS Code\bin;C:\Users\Usuario\.dotnet\tools;C:\Program Files\Java\jdk-21\bin;C:\Users\Usuario\AppData\Roaming\npm
USERNAME=Usuario
OS=Windows_NT
PROCESSOR_IDENTIFIER=AMD64 Family 21 Model 48 Stepping 1, AuthenticAMD
TMP=C:\Users\Usuario\AppData\Local\Temp
TEMP=C:\Users\Usuario\AppData\Local\Temp




Periodic native trim disabled

JNI global refs:
JNI global refs: 28, weak refs: 11

JNI global refs memory usage: 835, weak refs: 833

Process memory usage:
Resident Set Size: 608680K (3% of 15657588K total physical memory with 239276K free physical memory)

OOME stack traces (most recent first):
Classloader memory used:
Loader org.gradle.internal.classloader.VisitableURLClassLoader                         : 99425K
Loader bootstrap                                                                       : 28688K
Loader org.gradle.initialization.MixInLegacyTypesClassLoader                           : 11274K
Loader org.gradle.internal.classloader.VisitableURLClassLoader                         : 1060K
Loader jdk.internal.loader.ClassLoaders$PlatformClassLoader                            : 741K
Loader org.gradle.internal.classloader.VisitableURLClassLoader$InstrumentingVisitableURLClassLoader: 730K
Loader jdk.internal.jrtfs.JrtFileSystemProvider$JrtFsLoader                            : 338K
Loader jdk.internal.reflect.DelegatingClassLoader                                      : 296K
Loader jdk.internal.loader.ClassLoaders$AppClassLoader                                 : 189K
Loader org.gradle.groovy.scripts.internal.DefaultScriptCompilationHandler$ScriptClassLoader: 91544B

Classes loaded by more than one classloader:
Class org.gradle.internal.IoActions                                                   : loaded 3 times (x 71B)
Class org.gradle.api.Action                                                           : loaded 3 times (x 70B)
Class org.gradle.internal.Cast                                                        : loaded 3 times (x 71B)
Class org.gradle.api.GradleException                                                  : loaded 3 times (x 82B)
Class Program                                                                         : loaded 3 times (x 72B)
Class org.gradle.internal.operations.MultipleBuildOperationFailures                   : loaded 2 times (x 95B)
Class org.gradle.internal.classloader.DefaultClassLoaderFactory                       : loaded 2 times (x 82B)
Class kotlin.collections.AbstractList$Companion                                       : loaded 2 times (x 71B)
Class org.gradle.tooling.internal.gradle.DefaultProjectIdentifier                     : loaded 2 times (x 86B)
Class org.gradle.api.internal.DefaultClassPathProvider                                : loaded 2 times (x 76B)
Class [Lorg.gradle.api.internal.ClassPathProvider;                                    : loaded 2 times (x 69B)
Class org.gradle.api.internal.ClassPathProvider                                       : loaded 2 times (x 70B)
Class jdk.internal.jrtfs.SystemImage                                                  : loaded 2 times (x 74B)
Class org.gradle.internal.service.UnknownServiceException                             : loaded 2 times (x 83B)
Class ijInit1_23rxrqouhm0eodqwa62g83x6h                                               : loaded 2 times (x 171B)
Class org.gradle.internal.classpath.TransformedClassPath                              : loaded 2 times (x 96B)
Class org.gradle.internal.classloader.InstrumentingClassLoader                        : loaded 2 times (x 70B)
Class jdk.internal.jrtfs.SystemImage$1                                                : loaded 2 times (x 78B)
Class kotlin.enums.EnumEntriesList                                                    : loaded 2 times (x 223B)
Class jdk.internal.jrtfs.SystemImage$2                                                : loaded 2 times (x 76B)
Class org.gradle.internal.service.ServiceLocator                                      : loaded 2 times (x 70B)
Class jdk.internal.jrtfs.JrtFileSystemProvider                                        : loaded 2 times (x 101B)
Class com.intellij.gradle.toolingExtension.util.GradleVersionUtil                     : loaded 2 times (x 71B)
Class org.gradle.tooling.model.UnsupportedMethodException                             : loaded 2 times (x 82B)
Class sync_studio_tooling_2vra42kntedtm7bs4wfu5eq0h                                   : loaded 2 times (x 171B)
Class jdk.internal.jimage.ImageLocation                                               : loaded 2 times (x 90B)
Class jdk.internal.jrtfs.JrtDirectoryStream$1                                         : loaded 2 times (x 83B)
Class jdk.internal.jimage.ImageBufferCache$1                                          : loaded 2 times (x 83B)
Class org.gradle.internal.time.DefaultTimer                                           : loaded 2 times (x 80B)
Class jdk.internal.jimage.ImageBufferCache$2                                          : loaded 2 times (x 91B)
Class org.gradle.api.internal.classpath.DefaultModuleRegistry$DefaultModule           : loaded 2 times (x 82B)
Class org.gradle.internal.time.DefaultCountdownTimer                                  : loaded 2 times (x 88B)
Class org.gradle.tooling.internal.gradle.DefaultBuildIdentifier                       : loaded 2 times (x 79B)
Class kotlin.Function                                                                 : loaded 2 times (x 70B)
Class org.gradle.api.internal.classpath.Module                                        : loaded 2 times (x 70B)
Class org.gradle.api.internal.classpath.UnknownModuleException                        : loaded 2 times (x 82B)
Class jdk.internal.jimage.ImageHeader                                                 : loaded 2 times (x 71B)
Class org.gradle.tooling.internal.gradle.GradleProjectIdentity                        : loaded 2 times (x 70B)
Class org.gradle.api.internal.DefaultClassPathRegistry                                : loaded 2 times (x 76B)
Class org.gradle.internal.classpath.DefaultClassPath$ImmutableUniqueList              : loaded 2 times (x 199B)
Class org.gradle.api.internal.ClassPathRegistry                                       : loaded 2 times (x 70B)
Class jdk.internal.jimage.decompressor.ResourceDecompressor                           : loaded 2 times (x 70B)
Class jdk.internal.jimage.decompressor.StringSharingDecompressorFactory               : loaded 2 times (x 74B)
Class Settings_gradle$1                                                               : loaded 2 times (x 75B)
Class org.gradle.internal.classpath.ClassPath                                         : loaded 2 times (x 70B)
Class org.gradle.api.internal.classpath.DefaultModuleRegistry$DefaultModuleAlias      : loaded 2 times (x 80B)
Class jdk.internal.jimage.ImageStringsReader                                          : loaded 2 times (x 80B)
Class org.gradle.tooling.model.Model                                                  : loaded 2 times (x 70B)
Class kotlin.UninitializedPropertyAccessException                                     : loaded 2 times (x 82B)
Class jdk.internal.jimage.ImageReader                                                 : loaded 2 times (x 75B)
Class jdk.internal.jimage.ImageReader$SharedImageReader                               : loaded 2 times (x 95B)
Class org.gradle.internal.classloader.ClassLoaderHierarchy                            : loaded 2 times (x 70B)
Class org.gradle.internal.installation.GradleInstallation$1                           : loaded 2 times (x 75B)
Class jdk.internal.jimage.decompressor.ResourceDecompressorFactory                    : loaded 2 times (x 74B)
Class jdk.internal.jimage.ImageReader$Node                                            : loaded 2 times (x 84B)
Class org.gradle.api.internal.classpath.DefaultModuleRegistry                         : loaded 2 times (x 84B)
Class jdk.internal.jimage.BasicImageReader$1                                          : loaded 2 times (x 77B)
Class org.gradle.util.internal.DefaultGradleVersion$Stage                             : loaded 2 times (x 75B)
Class jdk.internal.jimage.decompressor.Decompressor                                   : loaded 2 times (x 72B)
Class jdk.internal.jimage.ImageReader$Resource                                        : loaded 2 times (x 84B)
Class org.gradle.internal.time.MonotonicClock                                         : loaded 2 times (x 77B)
Class org.gradle.internal.service.ServiceLookupException                              : loaded 2 times (x 82B)
Class jdk.internal.jrtfs.JrtFileAttributes                                            : loaded 2 times (x 83B)
Class org.gradle.internal.classloader.ClassLoaderFactory                              : loaded 2 times (x 70B)
Class org.gradle.internal.service.CachingServiceLocator                               : loaded 2 times (x 82B)
Class org.gradle.internal.time.TimeSource                                             : loaded 2 times (x 70B)
Class org.gradle.tooling.internal.gradle.GradleBuildIdentity                          : loaded 2 times (x 70B)
Class kotlin.enums.EnumEntries                                                        : loaded 2 times (x 70B)
Class org.gradle.internal.exceptions.ResolutionProvider                               : loaded 2 times (x 70B)
Class jdk.internal.jimage.ImageBufferCache                                            : loaded 2 times (x 71B)
Class jdk.internal.jrtfs.JrtPath                                                      : loaded 2 times (x 118B)
Class org.gradle.tooling.model.ProjectIdentifier                                      : loaded 2 times (x 70B)
Class org.gradle.internal.classloader.ClasspathUtil                                   : loaded 2 times (x 71B)
Class org.gradle.internal.time.TimeSource$1                                           : loaded 2 times (x 77B)
Class kotlin.jvm.internal.DefaultConstructorMarker                                    : loaded 2 times (x 71B)
Class org.gradle.api.specs.Spec                                                       : loaded 2 times (x 70B)
Class jdk.internal.jimage.ImageReader$SharedImageReader$LocationVisitor               : loaded 2 times (x 70B)
Class jdk.internal.jimage.decompressor.ResourceDecompressorRepository                 : loaded 2 times (x 71B)
Class com.intellij.gradle.toolingExtension.impl.model.utilDummyModel.DummyModel       : loaded 2 times (x 70B)
Class org.gradle.internal.time.Clock                                                  : loaded 2 times (x 70B)
Class jdk.internal.jimage.ImageReader$Directory                                       : loaded 2 times (x 84B)
Class kotlin.collections.AbstractList                                                 : loaded 2 times (x 197B)
Class kotlin.collections.AbstractCollection                                           : loaded 2 times (x 117B)
Class org.gradle.internal.impldep.com.google.common.base.Preconditions                : loaded 2 times (x 71B)
Class org.gradle.internal.classloader.VisitableURLClassLoader$InstrumentingVisitableURLClassLoader: loaded 2 times (x 123B)
Class org.gradle.internal.classloader.VisitableURLClassLoader$Spec                    : loaded 2 times (x 74B)
Class org.gradle.internal.classpath.DefaultClassPath                                  : loaded 2 times (x 90B)
Class jdk.internal.jimage.decompressor.ZipDecompressorFactory                         : loaded 2 times (x 74B)
Class org.gradle.util.internal.DefaultGradleVersion                                   : loaded 2 times (x 80B)
Class org.gradle.internal.classloader.ClassLoaderSpec                                 : loaded 2 times (x 71B)
Class Settings_gradle$1$1                                                             : loaded 2 times (x 75B)
Class kotlin.Unit                                                                     : loaded 2 times (x 71B)
Class org.gradle.api.internal.classpath.Module$ModuleAlias                            : loaded 2 times (x 70B)
Class org.gradle.internal.classloader.VisitableURLClassLoader                         : loaded 2 times (x 117B)
Class Settings_gradle                                                                 : loaded 2 times (x 124B)
Class jdk.internal.jimage.BasicImageReader                                            : loaded 2 times (x 95B)
Class org.gradle.internal.classloader.FilteringClassLoader                            : loaded 2 times (x 105B)
Class jdk.internal.jimage.decompressor.ZipDecompressor                                : loaded 2 times (x 75B)
Class kotlin.jvm.functions.Function1                                                  : loaded 2 times (x 70B)
Class org.gradle.internal.classpath.DefaultClassPath$ImmutableUniqueList$Builder      : loaded 2 times (x 75B)
Class ijInit1_23rxrqouhm0eodqwa62g83x6h$_run_closure1                                 : loaded 2 times (x 140B)
Class org.gradle.api.internal.classpath.ModuleRegistry                                : loaded 2 times (x 70B)
Class org.gradle.internal.exceptions.NonGradleCauseExceptionsHolder                   : loaded 2 times (x 70B)
Class jdk.internal.jimage.ImageStrings                                                : loaded 2 times (x 70B)
Class org.jetbrains.plugins.gradle.tooling.ModelBuilderService$Parameter              : loaded 2 times (x 70B)
Class kotlin.NotImplementedError                                                      : loaded 2 times (x 82B)
Class kotlin.enums.EnumEntriesKt                                                      : loaded 2 times (x 71B)
Class org.gradle.internal.exceptions.MultiCauseException                              : loaded 2 times (x 70B)
Class org.gradle.internal.time.CountdownTimer                                         : loaded 2 times (x 70B)
Class kotlin.jvm.internal.Intrinsics                                                  : loaded 2 times (x 71B)
Class jdk.internal.jrtfs.JrtFileSystem                                                : loaded 2 times (x 102B)
Class sync_studio_tooling_2vra42kntedtm7bs4wfu5eq0h$_run_closure1                     : loaded 2 times (x 139B)
Class org.gradle.tooling.model.ProjectModel                                           : loaded 2 times (x 70B)
Class jdk.internal.jimage.decompressor.CompressedResourceHeader                       : loaded 2 times (x 71B)
Class kotlin.KotlinNullPointerException                                               : loaded 2 times (x 83B)
Class org.gradle.internal.exceptions.DefaultMultiCauseException                       : loaded 2 times (x 95B)
Class org.gradle.internal.time.Time                                                   : loaded 2 times (x 71B)
Class org.gradle.tooling.model.BuildIdentifier                                        : loaded 2 times (x 70B)
Class Settings_gradle$1$1$1                                                           : loaded 2 times (x 75B)
Class org.gradle.internal.time.Timer                                                  : loaded 2 times (x 70B)
Class kotlin.jvm.internal.markers.KMappedMarker                                       : loaded 2 times (x 70B)
Class org.gradle.internal.installation.CurrentGradleInstallationLocator               : loaded 2 times (x 71B)
Class org.gradle.internal.service.DefaultServiceLocator                               : loaded 2 times (x 83B)
Class jdk.internal.jrtfs.JrtDirectoryStream                                           : loaded 2 times (x 89B)
Class org.gradle.util.GradleVersion                                                   : loaded 2 times (x 79B)
Class org.gradle.internal.installation.CurrentGradleInstallation                      : loaded 2 times (x 73B)
Class org.gradle.util.internal.GUtil                                                  : loaded 2 times (x 71B)
Class org.gradle.internal.installation.GradleInstallation                             : loaded 2 times (x 75B)
Class jdk.internal.jimage.decompressor.ResourceDecompressor$StringsProvider           : loaded 2 times (x 70B)

---------------  S Y S T E M  ---------------

OS:
 Windows 10 , 64 bit Build 19041 (10.0.19041.1202)
OS uptime: 21 days 2:40 hours

CPU: total 4 (initial active 4) (4 cores per cpu, 1 threads per core) family 21 model 48 stepping 1 microcode 0x0, cx8, cmov, fxsr, mmx, 3dnowpref, sse, sse2, sse3, ssse3, sse4a, sse4.1, sse4.2, popcnt, lzcnt, tsc, tscinvbit, avx, aes, clmul, bmi1, fma, vzeroupper, clflush, rdtscp, f16c
Processor Information for the first 4 processors :
  Max Mhz: 2100, Current Mhz: 2100, Mhz Limit: 2100

Memory: 4k page, system-wide physical 15290M (230M free)
TotalPageFile size 23482M (AvailPageFile size 3M)
current process WorkingSet (physical memory assigned to process): 595M, peak: 595M
current process commit charge ("private bytes"): 622M, peak: 624M

vm_info: OpenJDK 64-Bit Server VM (21.0.8+-14196175-b1038.72) for windows-amd64 JRE (21.0.8+-14196175-b1038.72), built on 2025-10-01T10:24:33Z by "builder" with MS VC++ 16.10 / 16.11 (VS2019)

END.
